gene,cluster,cell_type,representative_rank,marker_score,avg_log2FC,pct_in,pct_out,official_gene_name,immune_function,immune_cell_contexts,biological_role,function_tags,pathway_tags,disease_context_tags,publication_count,evidence_grade,grade_explanation,plain_language_note,interpretation_status
NKG7,0,Cytotoxic CD8 T cells,1,75.94105549891968,5.149965,0.9597069597069596,0.2224101479915433,natural killer cell granule protein 7,Granule-associated protein studied as a regulator of cytotoxic granule release in NK and T cells.,NK cells; cytotoxic CD8 T cells; selected activated CD4 T-cell states,"Experimental studies report effects on granule exocytosis, target-cell killing, and downstream inflammation.",cytotoxic granules; granule exocytosis; target-cell killing,lymphocyte degranulation; inflammatory signaling,cancer; parasitic infection; inflammation,3,B,Multiple human studies: 2 primary human studies; 0 review(s) provide context but do not determine the grade.,NKG7 helps organize how killer immune cells release packages containing cell-killing proteins.,Deferred to Notebook 08
CCL5,0,Cytotoxic CD8 T cells,2,75.23193307223009,5.365429,0.945054945054945,0.2439746300211416,CCL5,The selected PubMed collection discusses CCL5 in publication-specific biological or immune contexts; claims are limited to the verified article summaries below.,Cell contexts vary across the selected publications; no cell type is treated as unique.,No single cross-publication mechanism is asserted; publication-specific evidence is listed below.,gene-specific literature evidence,publication-specific; no combined pathway inference,publication contexts only,3,B,Multiple human studies: 2 primary human studies; 1 review(s) provide context but do not determine the grade.,"Selected PubMed records provide context for CCL5, but they do not by themselves establish what the gene does in this PBMC3k cluster.",Deferred to Notebook 08
GZMA,0,Cytotoxic CD8 T cells,3,53.02748046765637,4.028471,0.7875457875457875,0.1293868921775898,granzyme A,Cytotoxic-lymphocyte serine protease with reported inflammatory and target-cell death activities that differ from granzyme B.,NK cells; cytotoxic CD8 T cells,Granule-released protease; selected studies report context-dependent substrate cleavage and inflammatory or cell-death outcomes.,cytotoxic granules; serine protease; target-cell response,gasdermin-mediated pyroptosis; lymphocyte cytotoxicity,cancer; inflammation,3,B,Multiple human studies: 2 primary human studies; 1 review(s) provide context but do not determine the grade.,"GZMA makes granzyme A, another enzyme carried by killer immune cells; it does not always act in the same way as granzyme B.",Deferred to Notebook 08
CST7,0,Cytotoxic CD8 T cells,4,52.48407455884272,4.0548916,0.7765567765567766,0.1293868921775898,cystatin F,Immune-enriched cysteine-protease inhibitor that can regulate cathepsins involved in cytotoxic-cell effector pathways.,NK cells; cytotoxic T cells; myeloid cells and microglia in context-dependent states,"Reported to inhibit cathepsin C and other proteases; direction and consequence depend on cell type, processing, and tissue context.",protease inhibition; cytotoxic-cell regulation,cathepsin regulation; immune effector protease processing,glioblastoma; viral neuroinflammation,3,B,Multiple human studies: 2 primary human studies; 0 review(s) provide context but do not determine the grade.,"CST7 makes cystatin F, a protein that can act like a brake on enzymes used by several immune cells.",Deferred to Notebook 08
GZMK,0,Cytotoxic CD8 T cells,5,51.02674832776526,4.834554,0.5860805860805861,0.0583509513742071,GZMK,The selected PubMed collection discusses GZMK in publication-specific biological or immune contexts; claims are limited to the verified article summaries below.,Cell contexts vary across the selected publications; no cell type is treated as unique.,No single cross-publication mechanism is asserted; publication-specific evidence is listed below.,gene-specific literature evidence,publication-specific; no combined pathway inference,publication contexts only,3,B,Multiple human studies: 2 primary human studies; 1 review(s) provide context but do not determine the grade.,"Selected PubMed records provide context for GZMK, but they do not by themselves establish what the gene does in this PBMC3k cluster.",Deferred to Notebook 08
CTSW,0,Cytotoxic CD8 T cells,6,39.11628802918632,3.3651931,0.8205128205128205,0.2393234672304439,cathepsin W,Lysosomal cysteine protease enriched in NK cells and cytotoxic T cells; its indispensable substrates and mechanism remain uncertain.,NK cells; cytotoxic CD8 T cells,"Human cell studies report cytotoxic-lymphocyte expression and secretion during target contact, while knockout evidence questions whether it is essential for killing.",lysosomal protease; cytotoxic lymphocyte marker,cysteine-protease regulation; lymphocyte cytotoxicity,immune pathology (limited evidence),3,C,Laboratory or animal evidence predominates (2 selected experimental study/studies); repeated human evidence is insufficient.,"CTSW makes cathepsin W, an enzyme common in killer immune cells, but scientists have not fully settled exactly what it must do.",Deferred to Notebook 08
CD8A,0,Cytotoxic CD8 T cells,7,32.56513240892441,3.730852,0.5091575091575091,0.0727272727272727,CD8A,The selected PubMed collection discusses CD8A in publication-specific biological or immune contexts; claims are limited to the verified article summaries below.,Cell contexts vary across the selected publications; no cell type is treated as unique.,No single cross-publication mechanism is asserted; publication-specific evidence is listed below.,gene-specific literature evidence,publication-specific; no combined pathway inference,publication contexts only,3,A,Repeated human evidence: 3 primary human studies; 0 review(s) provide context but do not determine the grade.,"Selected PubMed records provide context for CD8A, but they do not by themselves establish what the gene does in this PBMC3k cluster.",Deferred to Notebook 08
LYAR,0,Cytotoxic CD8 T cells,8,28.00635920583293,3.0814345,0.5897435897435898,0.135306553911205,LYAR,The selected PubMed collection discusses LYAR in publication-specific biological or immune contexts; claims are limited to the verified article summaries below.,Cell contexts vary across the selected publications; no cell type is treated as unique.,No single cross-publication mechanism is asserted; publication-specific evidence is listed below.,gene-specific literature evidence,publication-specific; no combined pathway inference,publication contexts only,3,A,Repeated human evidence: 3 primary human studies; 0 review(s) provide context but do not determine the grade.,"Selected PubMed records provide context for LYAR, but they do not by themselves establish what the gene does in this PBMC3k cluster.",Deferred to Notebook 08
GZMH,0,Cytotoxic CD8 T cells,9,26.998482595229365,3.8941712,0.4175824175824176,0.0634249471458773,GZMH,The selected PubMed collection discusses GZMH in publication-specific biological or immune contexts; claims are limited to the verified article summaries below.,Cell contexts vary across the selected publications; no cell type is treated as unique.,No single cross-publication mechanism is asserted; publication-specific evidence is listed below.,gene-specific literature evidence,publication-specific; no combined pathway inference,publication contexts only,3,B,Multiple human studies: 2 primary human studies; 0 review(s) provide context but do not determine the grade.,"Selected PubMed records provide context for GZMH, but they do not by themselves establish what the gene does in this PBMC3k cluster.",Deferred to Notebook 08
KLRG1,0,Cytotoxic CD8 T cells,10,24.94361323690263,3.3307934,0.4505494505494505,0.0761099365750528,KLRG1,The selected PubMed collection discusses KLRG1 in publication-specific biological or immune contexts; claims are limited to the verified article summaries below.,Cell contexts vary across the selected publications; no cell type is treated as unique.,No single cross-publication mechanism is asserted; publication-specific evidence is listed below.,gene-specific literature evidence,publication-specific; no combined pathway inference,publication contexts only,3,B,Multiple human studies: 2 primary human studies; 1 review(s) provide context but do not determine the grade.,"Selected PubMed records provide context for KLRG1, but they do not by themselves establish what the gene does in this PBMC3k cluster.",Deferred to Notebook 08
CD79A,1,B cells,1,136.18487484415002,7.7044845,0.9252873563218392,0.0414847161572052,CD79A,The selected PubMed collection discusses CD79A in publication-specific biological or immune contexts; claims are limited to the verified article summaries below.,Cell contexts vary across the selected publications; no cell type is treated as unique.,No single cross-publication mechanism is asserted; publication-specific evidence is listed below.,gene-specific literature evidence,publication-specific; no combined pathway inference,publication contexts only,3,D,Selected evidence is computational and lacks stronger primary experimental support in this collection.,"Selected PubMed records provide context for CD79A, but they do not by themselves establish what the gene does in this PBMC3k cluster.",Deferred to Notebook 08
MS4A1,1,B cells,2,100.29110796300758,6.358171,0.8419540229885057,0.0532751091703056,MS4A1,The selected PubMed collection discusses MS4A1 in publication-specific biological or immune contexts; claims are limited to the verified article summaries below.,Cell contexts vary across the selected publications; no cell type is treated as unique.,No single cross-publication mechanism is asserted; publication-specific evidence is listed below.,gene-specific literature evidence,publication-specific; no combined pathway inference,publication contexts only,3,B,Multiple human studies: 2 primary human studies; 1 review(s) provide context but do not determine the grade.,"Selected PubMed records provide context for MS4A1, but they do not by themselves establish what the gene does in this PBMC3k cluster.",Deferred to Notebook 08
CD79B,1,B cells,3,83.55192862520704,5.473424,0.9051724137931034,0.1419213973799126,CD79B,The selected PubMed collection discusses CD79B in publication-specific biological or immune contexts; claims are limited to the verified article summaries below.,Cell contexts vary across the selected publications; no cell type is treated as unique.,No single cross-publication mechanism is asserted; publication-specific evidence is listed below.,gene-specific literature evidence,publication-specific; no combined pathway inference,publication contexts only,3,E,Selected evidence is limited and does not meet the thresholds for grades A–D.,"Selected PubMed records provide context for CD79B, but they do not by themselves establish what the gene does in this PBMC3k cluster.",Deferred to Notebook 08
TCL1A,1,B cells,4,83.18081201089194,6.973357,0.617816091954023,0.0213973799126637,TCL1A,The selected PubMed collection discusses TCL1A in publication-specific biological or immune contexts; claims are limited to the verified article summaries below.,Cell contexts vary across the selected publications; no cell type is treated as unique.,No single cross-publication mechanism is asserted; publication-specific evidence is listed below.,gene-specific literature evidence,publication-specific; no combined pathway inference,publication contexts only,3,B,Multiple human studies: 2 primary human studies; 1 review(s) provide context but do not determine the grade.,"Selected PubMed records provide context for TCL1A, but they do not by themselves establish what the gene does in this PBMC3k cluster.",Deferred to Notebook 08
HLA-DQA1,1,B cells,5,81.76646359624556,5.323151,0.8850574712643678,0.1170305676855895,HLA-DQA1,The selected PubMed collection discusses HLA-DQA1 in publication-specific biological or immune contexts; claims are limited to the verified article summaries below.,Cell contexts vary across the selected publications; no cell type is treated as unique.,No single cross-publication mechanism is asserted; publication-specific evidence is listed below.,gene-specific literature evidence,publication-specific; no combined pathway inference,publication contexts only,3,B,Multiple human studies: 2 primary human studies; 1 review(s) provide context but do not determine the grade.,"Selected PubMed records provide context for HLA-DQA1, but they do not by themselves establish what the gene does in this PBMC3k cluster.",Deferred to Notebook 08
LINC00926,1,B cells,6,80.62116849718919,7.3965635,0.5545977011494253,0.0096069868995633,LINC00926,The selected PubMed collection discusses LINC00926 in publication-specific biological or immune contexts; claims are limited to the verified article summaries below.,Cell contexts vary across the selected publications; no cell type is treated as unique.,No single cross-publication mechanism is asserted; publication-specific evidence is listed below.,gene-specific literature evidence,publication-specific; no combined pathway inference,publication contexts only,3,A,Repeated human evidence: 3 primary human studies; 0 review(s) provide context but do not determine the grade.,"Selected PubMed records provide context for LINC00926, but they do not by themselves establish what the gene does in this PBMC3k cluster.",Deferred to Notebook 08
VPREB3,1,B cells,7,70.93168440370427,7.4475465,0.4827586206896552,0.0065502183406113,VPREB3,The selected PubMed collection discusses VPREB3 in publication-specific biological or immune contexts; claims are limited to the verified article summaries below.,Cell contexts vary across the selected publications; no cell type is treated as unique.,No single cross-publication mechanism is asserted; publication-specific evidence is listed below.,gene-specific literature evidence,publication-specific; no combined pathway inference,publication contexts only,3,A,Repeated human evidence: 3 primary human studies; 0 review(s) provide context but do not determine the grade.,"Selected PubMed records provide context for VPREB3, but they do not by themselves establish what the gene does in this PBMC3k cluster.",Deferred to Notebook 08
HLA-DQB1,1,B cells,8,69.90597398943936,4.9287853,0.8563218390804598,0.1471615720524017,HLA-DQB1,The selected PubMed collection discusses HLA-DQB1 in publication-specific biological or immune contexts; claims are limited to the verified article summaries below.,Cell contexts vary across the selected publications; no cell type is treated as unique.,No single cross-publication mechanism is asserted; publication-specific evidence is listed below.,gene-specific literature evidence,publication-specific; no combined pathway inference,publication contexts only,3,B,Multiple human studies: 2 primary human studies; 1 review(s) provide context but do not determine the grade.,"Selected PubMed records provide context for HLA-DQB1, but they do not by themselves establish what the gene does in this PBMC3k cluster.",Deferred to Notebook 08
HLA-DRA,1,B cells,9,49.28214511790394,4.8644876,1.0,0.4934497816593886,HLA-DRA,The selected PubMed collection discusses HLA-DRA in publication-specific biological or immune contexts; claims are limited to the verified article summaries below.,Cell contexts vary across the selected publications; no cell type is treated as unique.,No single cross-publication mechanism is asserted; publication-specific evidence is listed below.,gene-specific literature evidence,publication-specific; no combined pathway inference,publication contexts only,3,B,Multiple human studies: 2 primary human studies; 1 review(s) provide context but do not determine the grade.,"Selected PubMed records provide context for HLA-DRA, but they do not by themselves establish what the gene does in this PBMC3k cluster.",Deferred to Notebook 08
FCER2,1,B cells,10,47.65437108545402,6.4800057,0.3764367816091954,0.0087336244541484,FCER2,The selected PubMed collection discusses FCER2 in publication-specific biological or immune contexts; claims are limited to the verified article summaries below.,Cell contexts vary across the selected publications; no cell type is treated as unique.,No single cross-publication mechanism is asserted; publication-specific evidence is listed below.,gene-specific literature evidence,publication-specific; no combined pathway inference,publication contexts only,3,A,Repeated human evidence: 3 primary human studies; 0 review(s) provide context but do not determine the grade.,"Selected PubMed records provide context for FCER2, but they do not by themselves establish what the gene does in this PBMC3k cluster.",Deferred to Notebook 08
IL32,2,IL7R+ memory/helper T cells,1,24.908119956895483,2.5212312,0.9335548172757476,0.4395874263261297,IL32,The selected PubMed collection discusses IL32 in publication-specific biological or immune contexts; claims are limited to the verified article summaries below.,Cell contexts vary across the selected publications; no cell type is treated as unique.,No single cross-publication mechanism is asserted; publication-specific evidence is listed below.,gene-specific literature evidence,publication-specific; no combined pathway inference,publication contexts only,3,A,Repeated human evidence: 3 primary human studies; 0 review(s) provide context but do not determine the grade.,"Selected PubMed records provide context for IL32, but they do not by themselves establish what the gene does in this PBMC3k cluster.",Deferred to Notebook 08
IL7R,2,IL7R+ memory/helper T cells,2,22.72265682128987,2.4253447,0.7641196013289037,0.2956777996070727,IL7R,The selected PubMed collection discusses IL7R in publication-specific biological or immune contexts; claims are limited to the verified article summaries below.,Cell contexts vary across the selected publications; no cell type is treated as unique.,No single cross-publication mechanism is asserted; publication-specific evidence is listed below.,gene-specific literature evidence,publication-specific; no combined pathway inference,publication contexts only,3,A,Repeated human evidence: 3 primary human studies; 0 review(s) provide context but do not determine the grade.,"Selected PubMed records provide context for IL7R, but they do not by themselves establish what the gene does in this PBMC3k cluster.",Deferred to Notebook 08
CD3D,2,IL7R+ memory/helper T cells,3,22.452292749074783,2.2394993,0.9069767441860463,0.4056974459724951,CD3D,The selected PubMed collection discusses CD3D in publication-specific biological or immune contexts; claims are limited to the verified article summaries below.,Cell contexts vary across the selected publications; no cell type is treated as unique.,No single cross-publication mechanism is asserted; publication-specific evidence is listed below.,gene-specific literature evidence,publication-specific; no combined pathway inference,publication contexts only,3,B,Multiple human studies: 2 primary human studies; 1 review(s) provide context but do not determine the grade.,"Selected PubMed records provide context for CD3D, but they do not by themselves establish what the gene does in this PBMC3k cluster.",Deferred to Notebook 08
LTB,2,IL7R+ memory/helper T cells,4,17.46941342012545,2.4414456,0.9800664451827242,0.6222986247544204,LTB,The selected PubMed collection discusses LTB in publication-specific biological or immune contexts; claims are limited to the verified article summaries below.,Cell contexts vary across the selected publications; no cell type is treated as unique.,No single cross-publication mechanism is asserted; publication-specific evidence is listed below.,gene-specific literature evidence,publication-specific; no combined pathway inference,publication contexts only,3,A,Repeated human evidence: 3 primary human studies; 0 review(s) provide context but do not determine the grade.,"Selected PubMed records provide context for LTB, but they do not by themselves establish what the gene does in this PBMC3k cluster.",Deferred to Notebook 08
CD3E,2,IL7R+ memory/helper T cells,5,17.307203717676504,1.9740841,0.8239202657807309,0.3855599214145383,CD3E,The selected PubMed collection discusses CD3E in publication-specific biological or immune contexts; claims are limited to the verified article summaries below.,Cell contexts vary across the selected publications; no cell type is treated as unique.,No single cross-publication mechanism is asserted; publication-specific evidence is listed below.,gene-specific literature evidence,publication-specific; no combined pathway inference,publication contexts only,3,B,Multiple human studies: 2 primary human studies; 1 review(s) provide context but do not determine the grade.,"Selected PubMed records provide context for CD3E, but they do not by themselves establish what the gene does in this PBMC3k cluster.",Deferred to Notebook 08
CD2,2,IL7R+ memory/helper T cells,6,16.468490678015,2.0757544,0.6245847176079734,0.2278978388998035,CD2,The selected PubMed collection discusses CD2 in publication-specific biological or immune contexts; claims are limited to the verified article summaries below.,Cell contexts vary across the selected publications; no cell type is treated as unique.,No single cross-publication mechanism is asserted; publication-specific evidence is listed below.,gene-specific literature evidence,publication-specific; no combined pathway inference,publication contexts only,3,E,Selected evidence is limited and does not meet the thresholds for grades A–D.,"Selected PubMed records provide context for CD2, but they do not by themselves establish what the gene does in this PBMC3k cluster.",Deferred to Notebook 08
AQP3,2,IL7R+ memory/helper T cells,7,15.71866768369352,2.5294793,0.4069767441860465,0.0962671905697446,AQP3,The selected PubMed collection discusses AQP3 in publication-specific biological or immune contexts; claims are limited to the verified article summaries below.,Cell contexts vary across the selected publications; no cell type is treated as unique.,No single cross-publication mechanism is asserted; publication-specific evidence is listed below.,gene-specific literature evidence,publication-specific; no combined pathway inference,publication contexts only,3,B,Multiple human studies: 2 primary human studies; 1 review(s) provide context but do not determine the grade.,"Selected PubMed records provide context for AQP3, but they do not by themselves establish what the gene does in this PBMC3k cluster.",Deferred to Notebook 08
LDHB,2,IL7R+ memory/helper T cells,8,14.611664504637456,1.9900601,0.9584717607973422,0.5913555992141454,LDHB,The selected PubMed collection discusses LDHB in publication-specific biological or immune contexts; claims are limited to the verified article summaries below.,Cell contexts vary across the selected publications; no cell type is treated as unique.,No single cross-publication mechanism is asserted; publication-specific evidence is listed below.,gene-specific literature evidence,publication-specific; no combined pathway inference,publication contexts only,3,A,Repeated human evidence: 3 primary human studies; 0 review(s) provide context but do not determine the grade.,"Selected PubMed records provide context for LDHB, but they do not by themselves establish what the gene does in this PBMC3k cluster.",Deferred to Notebook 08
TRAT1,2,IL7R+ memory/helper T cells,9,14.197043326534342,2.327359,0.4086378737541528,0.1036345776031434,TRAT1,The selected PubMed collection discusses TRAT1 in publication-specific biological or immune contexts; claims are limited to the verified article summaries below.,Cell contexts vary across the selected publications; no cell type is treated as unique.,No single cross-publication mechanism is asserted; publication-specific evidence is listed below.,gene-specific literature evidence,publication-specific; no combined pathway inference,publication contexts only,3,A,Repeated human evidence: 3 primary human studies; 0 review(s) provide context but do not determine the grade.,"Selected PubMed records provide context for TRAT1, but they do not by themselves establish what the gene does in this PBMC3k cluster.",Deferred to Notebook 08
SPOCK2,2,IL7R+ memory/helper T cells,10,11.975311322389675,2.0154731,0.4385382059800664,0.1414538310412573,SPOCK2,The selected PubMed collection discusses SPOCK2 in publication-specific biological or immune contexts; claims are limited to the verified article summaries below.,Cell contexts vary across the selected publications; no cell type is treated as unique.,No single cross-publication mechanism is asserted; publication-specific evidence is listed below.,gene-specific literature evidence,publication-specific; no combined pathway inference,publication contexts only,3,A,Repeated human evidence: 3 primary human studies; 0 review(s) provide context but do not determine the grade.,"Selected PubMed records provide context for SPOCK2, but they do not by themselves establish what the gene does in this PBMC3k cluster.",Deferred to Notebook 08
S100A8,3,Classical monocytes,1,121.00013365112584,7.360887,0.9422310756972112,0.1203183520599251,S100A8,The selected PubMed collection discusses S100A8 in publication-specific biological or immune contexts; claims are limited to the verified article summaries below.,Cell contexts vary across the selected publications; no cell type is treated as unique.,No single cross-publication mechanism is asserted; publication-specific evidence is listed below.,gene-specific literature evidence,publication-specific; no combined pathway inference,publication contexts only,3,B,Multiple human studies: 2 primary human studies; 1 review(s) provide context but do not determine the grade.,"Selected PubMed records provide context for S100A8, but they do not by themselves establish what the gene does in this PBMC3k cluster.",Deferred to Notebook 08
LGALS2,3,Classical monocytes,2,120.37660500134297,7.0165505,0.9083665338645418,0.0505617977528089,LGALS2,The selected PubMed collection discusses LGALS2 in publication-specific biological or immune contexts; claims are limited to the verified article summaries below.,Cell contexts vary across the selected publications; no cell type is treated as unique.,No single cross-publication mechanism is asserted; publication-specific evidence is listed below.,gene-specific literature evidence,publication-specific; no combined pathway inference,publication contexts only,3,B,Multiple human studies: 2 primary human studies; 1 review(s) provide context but do not determine the grade.,"Selected PubMed records provide context for LGALS2, but they do not by themselves establish what the gene does in this PBMC3k cluster.",Deferred to Notebook 08
S100A9,3,Classical monocytes,3,109.7636189749541,7.1833234,0.9760956175298804,0.2120786516853932,S100A9,The selected PubMed collection discusses S100A9 in publication-specific biological or immune contexts; claims are limited to the verified article summaries below.,Cell contexts vary across the selected publications; no cell type is treated as unique.,No single cross-publication mechanism is asserted; publication-specific evidence is listed below.,gene-specific literature evidence,publication-specific; no combined pathway inference,publication contexts only,3,B,Multiple human studies: 2 primary human studies; 1 review(s) provide context but do not determine the grade.,"Selected PubMed records provide context for S100A9, but they do not by themselves establish what the gene does in this PBMC3k cluster.",Deferred to Notebook 08
FCN1,3,Classical monocytes,4,86.45212355002464,5.4703546,0.9362549800796812,0.146067415730337,FCN1,The selected PubMed collection discusses FCN1 in publication-specific biological or immune contexts; claims are limited to the verified article summaries below.,Cell contexts vary across the selected publications; no cell type is treated as unique.,No single cross-publication mechanism is asserted; publication-specific evidence is listed below.,gene-specific literature evidence,publication-specific; no combined pathway inference,publication contexts only,3,C,Laboratory or animal evidence predominates (1 selected experimental study/studies); repeated human evidence is insufficient.,"Selected PubMed records provide context for FCN1, but they do not by themselves establish what the gene does in this PBMC3k cluster.",Deferred to Notebook 08
CST3,3,Classical monocytes,5,85.9364770541206,5.8571362,0.9920318725099602,0.2584269662921348,CST3,The selected PubMed collection discusses CST3 in publication-specific biological or immune contexts; claims are limited to the verified article summaries below.,Cell contexts vary across the selected publications; no cell type is treated as unique.,No single cross-publication mechanism is asserted; publication-specific evidence is listed below.,gene-specific literature evidence,publication-specific; no combined pathway inference,publication contexts only,3,B,Multiple human studies: 2 primary human studies; 0 review(s) provide context but do not determine the grade.,"Selected PubMed records provide context for CST3, but they do not by themselves establish what the gene does in this PBMC3k cluster.",Deferred to Notebook 08
TYROBP,3,Classical monocytes,6,80.5991448260143,5.471521,0.99402390438247,0.2574906367041198,TYROBP,The selected PubMed collection discusses TYROBP in publication-specific biological or immune contexts; claims are limited to the verified article summaries below.,Cell contexts vary across the selected publications; no cell type is treated as unique.,No single cross-publication mechanism is asserted; publication-specific evidence is listed below.,gene-specific literature evidence,publication-specific; no combined pathway inference,publication contexts only,3,B,Multiple human studies: 2 primary human studies; 1 review(s) provide context but do not determine the grade.,"Selected PubMed records provide context for TYROBP, but they do not by themselves establish what the gene does in this PBMC3k cluster.",Deferred to Notebook 08
CD14,3,Classical monocytes,7,75.90167874464689,6.178094,0.6414342629482072,0.0271535580524344,CD14,The selected PubMed collection discusses CD14 in publication-specific biological or immune contexts; claims are limited to the verified article summaries below.,Cell contexts vary across the selected publications; no cell type is treated as unique.,No single cross-publication mechanism is asserted; publication-specific evidence is listed below.,gene-specific literature evidence,publication-specific; no combined pathway inference,publication contexts only,3,B,Multiple human studies: 2 primary human studies; 1 review(s) provide context but do not determine the grade.,"Selected PubMed records provide context for CD14, but they do not by themselves establish what the gene does in this PBMC3k cluster.",Deferred to Notebook 08
MS4A6A,3,Classical monocytes,8,75.60063916670398,5.8542123,0.6812749003984063,0.0355805243445692,MS4A6A,The selected PubMed collection discusses MS4A6A in publication-specific biological or immune contexts; claims are limited to the verified article summaries below.,Cell contexts vary across the selected publications; no cell type is treated as unique.,No single cross-publication mechanism is asserted; publication-specific evidence is listed below.,gene-specific literature evidence,publication-specific; no combined pathway inference,publication contexts only,3,B,Multiple human studies: 2 primary human studies; 1 review(s) provide context but do not determine the grade.,"Selected PubMed records provide context for MS4A6A, but they do not by themselves establish what the gene does in this PBMC3k cluster.",Deferred to Notebook 08
LST1,3,Classical monocytes,9,66.89133665129742,4.502578,0.9581673306772908,0.2153558052434457,LST1,The selected PubMed collection discusses LST1 in publication-specific biological or immune contexts; claims are limited to the verified article summaries below.,Cell contexts vary across the selected publications; no cell type is treated as unique.,No single cross-publication mechanism is asserted; publication-specific evidence is listed below.,gene-specific literature evidence,publication-specific; no combined pathway inference,publication contexts only,3,A,Repeated human evidence: 3 primary human studies; 0 review(s) provide context but do not determine the grade.,"Selected PubMed records provide context for LST1, but they do not by themselves establish what the gene does in this PBMC3k cluster.",Deferred to Notebook 08
AIF1,3,Classical monocytes,10,65.58513220410492,4.549419,0.9581673306772908,0.2373595505617977,AIF1,The selected PubMed collection discusses AIF1 in publication-specific biological or immune contexts; claims are limited to the verified article summaries below.,Cell contexts vary across the selected publications; no cell type is treated as unique.,No single cross-publication mechanism is asserted; publication-specific evidence is listed below.,gene-specific literature evidence,publication-specific; no combined pathway inference,publication contexts only,3,A,Repeated human evidence: 3 primary human studies; 0 review(s) provide context but do not determine the grade.,"Selected PubMed records provide context for AIF1, but they do not by themselves establish what the gene does in this PBMC3k cluster.",Deferred to Notebook 08
FCGR3A,4,CD16+ non-classical monocytes,1,92.2402341921741,5.5800724,0.95906432748538,0.1325496554519659,FCGR3A,The selected PubMed collection discusses FCGR3A in publication-specific biological or immune contexts; claims are limited to the verified article summaries below.,Cell contexts vary across the selected publications; no cell type is treated as unique.,No single cross-publication mechanism is asserted; publication-specific evidence is listed below.,gene-specific literature evidence,publication-specific; no combined pathway inference,publication contexts only,3,A,Repeated human evidence: 3 primary human studies; 0 review(s) provide context but do not determine the grade.,"Selected PubMed records provide context for FCGR3A, but they do not by themselves establish what the gene does in this PBMC3k cluster.",Deferred to Notebook 08
IFITM3,4,CD16+ non-classical monocytes,2,78.3010831880756,4.8395777,0.9824561403508772,0.1734900689096068,IFITM3,The selected PubMed collection discusses IFITM3 in publication-specific biological or immune contexts; claims are limited to the verified article summaries below.,Cell contexts vary across the selected publications; no cell type is treated as unique.,No single cross-publication mechanism is asserted; publication-specific evidence is listed below.,gene-specific literature evidence,publication-specific; no combined pathway inference,publication contexts only,3,C,Laboratory or animal evidence predominates (1 selected experimental study/studies); repeated human evidence is insufficient.,"Selected PubMed records provide context for IFITM3, but they do not by themselves establish what the gene does in this PBMC3k cluster.",Deferred to Notebook 08
MS4A7,4,CD16+ non-classical monocytes,3,75.1706340233776,5.1441736,0.8011695906432749,0.0705310093230644,MS4A7,The selected PubMed collection discusses MS4A7 in publication-specific biological or immune contexts; claims are limited to the verified article summaries below.,Cell contexts vary across the selected publications; no cell type is treated as unique.,No single cross-publication mechanism is asserted; publication-specific evidence is listed below.,gene-specific literature evidence,publication-specific; no combined pathway inference,publication contexts only,3,A,Repeated human evidence: 3 primary human studies; 0 review(s) provide context but do not determine the grade.,"Selected PubMed records provide context for MS4A7, but they do not by themselves establish what the gene does in this PBMC3k cluster.",Deferred to Notebook 08
RP11-290F20.3,4,CD16+ non-classical monocytes,4,75.09823061618037,4.9943585,0.8187134502923976,0.0668828536684231,RP11-290F20.3,Direct gene-specific immune evidence was not identified by the focused PubMed search; the supplied evidence is insufficient to assign a literature-supported function.,No literature-supported immune-cell context is assigned from this evidence collection.,No mechanism is assigned. The supplied evidence is insufficient to determine this.,insufficient direct evidence,no pathway assigned,no evidence-based disease context assigned,0,E,Selected evidence is insufficient: no verified gene-specific PubMed record met the focused relevance criteria.,The focused search did not find enough direct evidence to explain RP11-290F20.3; the dataset observation remains separate from literature claims.,Deferred to Notebook 08
LST1,4,CD16+ non-classical monocytes,5,71.2121320713417,5.176203,1.0,0.3121199837859749,LST1,The selected PubMed collection discusses LST1 in publication-specific biological or immune contexts; claims are limited to the verified article summaries below.,Cell contexts vary across the selected publications; no cell type is treated as unique.,No single cross-publication mechanism is asserted; publication-specific evidence is listed below.,gene-specific literature evidence,publication-specific; no combined pathway inference,publication contexts only,3,A,Repeated human evidence: 3 primary human studies; 0 review(s) provide context but do not determine the grade.,"Selected PubMed records provide context for LST1, but they do not by themselves establish what the gene does in this PBMC3k cluster.",Deferred to Notebook 08
FCER1G,4,CD16+ non-classical monocytes,6,66.52742389866235,4.8471103,1.0,0.3137413862991488,FCER1G,The selected PubMed collection discusses FCER1G in publication-specific biological or immune contexts; claims are limited to the verified article summaries below.,Cell contexts vary across the selected publications; no cell type is treated as unique.,No single cross-publication mechanism is asserted; publication-specific evidence is listed below.,gene-specific literature evidence,publication-specific; no combined pathway inference,publication contexts only,3,B,Multiple human studies: 2 primary human studies; 1 review(s) provide context but do not determine the grade.,"Selected PubMed records provide context for FCER1G, but they do not by themselves establish what the gene does in this PBMC3k cluster.",Deferred to Notebook 08
AIF1,4,CD16+ non-classical monocytes,7,65.30629906769356,4.8821406,1.0,0.3311714633157681,AIF1,The selected PubMed collection discusses AIF1 in publication-specific biological or immune contexts; claims are limited to the verified article summaries below.,Cell contexts vary across the selected publications; no cell type is treated as unique.,No single cross-publication mechanism is asserted; publication-specific evidence is listed below.,gene-specific literature evidence,publication-specific; no combined pathway inference,publication contexts only,3,A,Repeated human evidence: 3 primary human studies; 0 review(s) provide context but do not determine the grade.,"Selected PubMed records provide context for AIF1, but they do not by themselves establish what the gene does in this PBMC3k cluster.",Deferred to Notebook 08
SERPINA1,4,CD16+ non-classical monocytes,8,64.15177104825571,4.2461824,0.953216374269006,0.1978111066072152,SERPINA1,The selected PubMed collection discusses SERPINA1 in publication-specific biological or immune contexts; claims are limited to the verified article summaries below.,Cell contexts vary across the selected publications; no cell type is treated as unique.,No single cross-publication mechanism is asserted; publication-specific evidence is listed below.,gene-specific literature evidence,publication-specific; no combined pathway inference,publication contexts only,3,B,Multiple human studies: 2 primary human studies; 1 review(s) provide context but do not determine the grade.,"Selected PubMed records provide context for SERPINA1, but they do not by themselves establish what the gene does in this PBMC3k cluster.",Deferred to Notebook 08
CDKN1C,4,CD16+ non-classical monocytes,9,63.05575782215301,6.3716245,0.5029239766081871,0.0081070125658694,CDKN1C,The selected PubMed collection discusses CDKN1C in publication-specific biological or immune contexts; claims are limited to the verified article summaries below.,Cell contexts vary across the selected publications; no cell type is treated as unique.,No single cross-publication mechanism is asserted; publication-specific evidence is listed below.,gene-specific literature evidence,publication-specific; no combined pathway inference,publication contexts only,3,C,Laboratory or animal evidence predominates (1 selected experimental study/studies); repeated human evidence is insufficient.,"Selected PubMed records provide context for CDKN1C, but they do not by themselves establish what the gene does in this PBMC3k cluster.",Deferred to Notebook 08
CFD,4,CD16+ non-classical monocytes,10,62.712149111096885,4.121818,0.9415204678362572,0.1807863802188893,CFD,The selected PubMed collection discusses CFD in publication-specific biological or immune contexts; claims are limited to the verified article summaries below.,Cell contexts vary across the selected publications; no cell type is treated as unique.,No single cross-publication mechanism is asserted; publication-specific evidence is listed below.,gene-specific literature evidence,publication-specific; no combined pathway inference,publication contexts only,3,A,Repeated human evidence: 3 primary human studies; 0 review(s) provide context but do not determine the grade.,"Selected PubMed records provide context for CFD, but they do not by themselves establish what the gene does in this PBMC3k cluster.",Deferred to Notebook 08
GZMB,5,NK cells,1,142.9589095301745,7.890887,0.9738562091503268,0.0680080482897384,granzyme B,Cytotoxic-granule serine protease discussed in perforin-dependent target-cell killing and in perforin-independent extracellular activity.,NK cells; cytotoxic CD8 T cells; context-dependent expression in additional immune cells,Effector protease released from cytotoxic granules; reported substrates and effects vary by cellular and disease context.,cytotoxic granules; target-cell killing; serine protease,perforin–granzyme pathway; programmed cell death,cancer; infection; inflammation,4,B,Multiple human studies: 2 primary human studies; 2 review(s) provide context but do not determine the grade.,"GZMB makes granzyme B, one of the protein tools killer immune cells can release when they attack a target cell.",Deferred to Notebook 08
FGFBP2,5,NK cells,2,115.46234234205232,6.923403,0.8954248366013072,0.0615694164989939,fibroblast growth factor binding protein 2,Frequently used in single-cell studies as an expression marker of mature cytotoxic NK-cell states; a direct immune mechanism is less well established.,Cytotoxic NK cells; some cytotoxic T/NKT-cell states,Literature in this collection primarily treats FGFBP2 as a cell-state marker rather than demonstrating a causal NK-cell mechanism.,cytotoxic cell-state marker; NK-cell heterogeneity,cytotoxic lymphocyte program,melanoma; hepatocellular carcinoma,3,A,Repeated human evidence: 3 primary human studies; 0 review(s) provide context but do not determine the grade.,"FGFBP2 is often used as a label for a strongly cytotoxic group of NK cells, but its exact immune job is still less clear.",Deferred to Notebook 08
GNLY,5,NK cells,3,114.8268981531016,7.358587,0.915032679738562,0.1348088531187122,granulysin,Cytotoxic and antimicrobial granule protein reported in human NK cells and cytotoxic T cells.,NK cells; cytotoxic CD8 T cells; gamma-delta T cells,"Reported to damage microbial or target-cell membranes, with precursor and mature forms stored in distinct effector-vesicle contexts.",cytotoxic granules; antimicrobial defense; target-cell killing,cytotoxic lymphocyte degranulation; host defense,bacterial infection; pregnancy infection defense,3,B,Multiple human studies: 2 primary human studies; 1 review(s) provide context but do not determine the grade.,"GNLY makes granulysin, a protein that some killer immune cells use against microbes and other target cells.",Deferred to Notebook 08
PRF1,5,NK cells,4,112.4117466642469,6.527348,0.9673202614379084,0.1062374245472837,perforin 1,Pore-forming cytotoxic-granule protein required for normal killing by NK cells and cytotoxic T cells.,NK cells; cytotoxic CD8 T cells,Enables cytotoxic granule contents to act on target cells; pathogenic variants can impair lymphocyte cytotoxicity.,cytotoxic granules; pore formation; target-cell killing,perforin–granzyme pathway; lymphocyte cytotoxicity,familial hemophagocytic lymphohistiocytosis,3,A,Repeated human evidence: 3 primary human studies; 0 review(s) provide context but do not determine the grade.,"PRF1 makes perforin, which helps killer immune cells deliver their attack proteins into a target cell.",Deferred to Notebook 08
NKG7,5,NK cells,5,104.00649376257546,6.985301,1.0,0.255533199195171,natural killer cell granule protein 7,Granule-associated protein studied as a regulator of cytotoxic granule release in NK and T cells.,NK cells; cytotoxic CD8 T cells; selected activated CD4 T-cell states,"Experimental studies report effects on granule exocytosis, target-cell killing, and downstream inflammation.",cytotoxic granules; granule exocytosis; target-cell killing,lymphocyte degranulation; inflammatory signaling,cancer; parasitic infection; inflammation,3,B,Multiple human studies: 2 primary human studies; 0 review(s) provide context but do not determine the grade.,NKG7 helps organize how killer immune cells release packages containing cell-killing proteins.,Deferred to Notebook 08
CST7,5,NK cells,6,90.35358840620192,5.5199547,0.9673202614379084,0.1488933601609658,cystatin F,Immune-enriched cysteine-protease inhibitor that can regulate cathepsins involved in cytotoxic-cell effector pathways.,NK cells; cytotoxic T cells; myeloid cells and microglia in context-dependent states,"Reported to inhibit cathepsin C and other proteases; direction and consequence depend on cell type, processing, and tissue context.",protease inhibition; cytotoxic-cell regulation,cathepsin regulation; immune effector protease processing,glioblastoma; viral neuroinflammation,3,B,Multiple human studies: 2 primary human studies; 0 review(s) provide context but do not determine the grade.,"CST7 makes cystatin F, a protein that can act like a brake on enzymes used by several immune cells.",Deferred to Notebook 08
SPON2,5,NK cells,7,88.51102415214952,6.3301244,0.738562091503268,0.0394366197183098,spondin 2,"Extracellular-matrix protein, also called mindin, studied in innate pattern recognition, leukocyte adhesion, and phagocytosis.",Macrophages and dendritic-cell interactions are best represented in the selected literature; direct NK-cell evidence is limited.,Reported as an extracellular ligand and pattern-recognition molecule in experimental innate-immune models.,pattern recognition; cell adhesion; phagocytosis,innate pathogen recognition; integrin signaling,bacterial infection; innate inflammation,3,C,Laboratory or animal evidence predominates (3 selected experimental study/studies); repeated human evidence is insufficient.,SPON2 makes an outside-the-cell protein that can help innate immune cells recognize and interact with microbes; its NK-cell role is uncertain.,Deferred to Notebook 08
GZMA,5,NK cells,8,88.03307089677938,5.4791713,0.954248366013072,0.1509054325955734,granzyme A,Cytotoxic-lymphocyte serine protease with reported inflammatory and target-cell death activities that differ from granzyme B.,NK cells; cytotoxic CD8 T cells,Granule-released protease; selected studies report context-dependent substrate cleavage and inflammatory or cell-death outcomes.,cytotoxic granules; serine protease; target-cell response,gasdermin-mediated pyroptosis; lymphocyte cytotoxicity,cancer; inflammation,3,B,Multiple human studies: 2 primary human studies; 1 review(s) provide context but do not determine the grade.,"GZMA makes granzyme A, another enzyme carried by killer immune cells; it does not always act in the same way as granzyme B.",Deferred to Notebook 08
CCL4,5,NK cells,9,72.80825410704226,5.4314337,0.7450980392156863,0.0748490945674044,C-C motif chemokine ligand 4,Secreted chemokine associated with immune-cell communication and recruitment through chemokine receptors including CCR5.,Activated NK cells; T cells; additional leukocytes depending on context,Acts as a signaling ligand that can help coordinate leukocyte trafficking rather than directly executing target-cell killing.,chemokine signaling; immune-cell recruitment; cell communication,CCR5 chemokine axis; leukocyte trafficking,HIV; HBV; inflammation,3,B,Multiple human studies: 2 primary human studies; 1 review(s) provide context but do not determine the grade.,CCL4 is a chemical message that can help immune cells call or guide other immune cells to an area.,Deferred to Notebook 08
CTSW,5,NK cells,10,68.44443322203549,4.6893544,0.9869281045751634,0.2571428571428571,cathepsin W,Lysosomal cysteine protease enriched in NK cells and cytotoxic T cells; its indispensable substrates and mechanism remain uncertain.,NK cells; cytotoxic CD8 T cells,"Human cell studies report cytotoxic-lymphocyte expression and secretion during target contact, while knockout evidence questions whether it is essential for killing.",lysosomal protease; cytotoxic lymphocyte marker,cysteine-protease regulation; lymphocyte cytotoxicity,immune pathology (limited evidence),3,C,Laboratory or animal evidence predominates (2 selected experimental study/studies); repeated human evidence is insufficient.,"CTSW makes cathepsin W, an enzyme common in killer immune cells, but scientists have not fully settled exactly what it must do.",Deferred to Notebook 08
CCL5,6,Activated/transitional T cells,1,2.03241700338614,2.067858,0.5234375,0.3059760956175298,CCL5,The selected PubMed collection discusses CCL5 in publication-specific biological or immune contexts; claims are limited to the verified article summaries below.,Cell contexts vary across the selected publications; no cell type is treated as unique.,No single cross-publication mechanism is asserted; publication-specific evidence is listed below.,gene-specific literature evidence,publication-specific; no combined pathway inference,publication contexts only,3,B,Multiple human studies: 2 primary human studies; 1 review(s) provide context but do not determine the grade.,"Selected PubMed records provide context for CCL5, but they do not by themselves establish what the gene does in this PBMC3k cluster.",Deferred to Notebook 08
IL32,6,Activated/transitional T cells,2,1.7583240078907552,1.3779407,0.765625,0.5414342629482072,IL32,The selected PubMed collection discusses IL32 in publication-specific biological or immune contexts; claims are limited to the verified article summaries below.,Cell contexts vary across the selected publications; no cell type is treated as unique.,No single cross-publication mechanism is asserted; publication-specific evidence is listed below.,gene-specific literature evidence,publication-specific; no combined pathway inference,publication contexts only,3,A,Repeated human evidence: 3 primary human studies; 0 review(s) provide context but do not determine the grade.,"Selected PubMed records provide context for IL32, but they do not by themselves establish what the gene does in this PBMC3k cluster.",Deferred to Notebook 08
CD3D,6,Activated/transitional T cells,3,1.725987868934483,1.3333517,0.71875,0.5099601593625498,CD3D,The selected PubMed collection discusses CD3D in publication-specific biological or immune contexts; claims are limited to the verified article summaries below.,Cell contexts vary across the selected publications; no cell type is treated as unique.,No single cross-publication mechanism is asserted; publication-specific evidence is listed below.,gene-specific literature evidence,publication-specific; no combined pathway inference,publication contexts only,3,B,Multiple human studies: 2 primary human studies; 1 review(s) provide context but do not determine the grade.,"Selected PubMed records provide context for CD3D, but they do not by themselves establish what the gene does in this PBMC3k cluster.",Deferred to Notebook 08
RPL23A,6,Activated/transitional T cells,4,0.0149560421210194,0.4245826,1.0,0.9908366533864542,RPL23A,The selected PubMed collection discusses RPL23A in publication-specific biological or immune contexts; claims are limited to the verified article summaries below.,Cell contexts vary across the selected publications; no cell type is treated as unique.,No single cross-publication mechanism is asserted; publication-specific evidence is listed below.,gene-specific literature evidence,publication-specific; no combined pathway inference,publication contexts only,3,A,Repeated human evidence: 3 primary human studies; 0 review(s) provide context but do not determine the grade.,"Selected PubMed records provide context for RPL23A, but they do not by themselves establish what the gene does in this PBMC3k cluster.",Deferred to Notebook 08
RPS3,6,Activated/transitional T cells,5,0.0136292655385124,0.4754256,1.0,0.995617529880478,RPS3,The selected PubMed collection discusses RPS3 in publication-specific biological or immune contexts; claims are limited to the verified article summaries below.,Cell contexts vary across the selected publications; no cell type is treated as unique.,No single cross-publication mechanism is asserted; publication-specific evidence is listed below.,gene-specific literature evidence,publication-specific; no combined pathway inference,publication contexts only,3,C,Laboratory or animal evidence predominates (1 selected experimental study/studies); repeated human evidence is insufficient.,"Selected PubMed records provide context for RPS3, but they do not by themselves establish what the gene does in this PBMC3k cluster.",Deferred to Notebook 08
RPS12,6,Activated/transitional T cells,6,0.0077749002945644,0.38951433,1.0,0.993227091633466,RPS12,The selected PubMed collection discusses RPS12 in publication-specific biological or immune contexts; claims are limited to the verified article summaries below.,Cell contexts vary across the selected publications; no cell type is treated as unique.,No single cross-publication mechanism is asserted; publication-specific evidence is listed below.,gene-specific literature evidence,publication-specific; no combined pathway inference,publication contexts only,3,B,Multiple human studies: 2 primary human studies; 0 review(s) provide context but do not determine the grade.,"Selected PubMed records provide context for RPS12, but they do not by themselves establish what the gene does in this PBMC3k cluster.",Deferred to Notebook 08
MALAT1,6,Activated/transitional T cells,7,0.0066433452641946,0.90225136,1.0,0.999601593625498,MALAT1,The selected PubMed collection discusses MALAT1 in publication-specific biological or immune contexts; claims are limited to the verified article summaries below.,Cell contexts vary across the selected publications; no cell type is treated as unique.,No single cross-publication mechanism is asserted; publication-specific evidence is listed below.,gene-specific literature evidence,publication-specific; no combined pathway inference,publication contexts only,3,C,Laboratory or animal evidence predominates (1 selected experimental study/studies); repeated human evidence is insufficient.,"Selected PubMed records provide context for MALAT1, but they do not by themselves establish what the gene does in this PBMC3k cluster.",Deferred to Notebook 08
RPS25,6,Activated/transitional T cells,8,0.0060431469678657,0.43936184,0.984375,0.9808764940239044,RPS25,The selected PubMed collection discusses RPS25 in publication-specific biological or immune contexts; claims are limited to the verified article summaries below.,Cell contexts vary across the selected publications; no cell type is treated as unique.,No single cross-publication mechanism is asserted; publication-specific evidence is listed below.,gene-specific literature evidence,publication-specific; no combined pathway inference,publication contexts only,3,A,Repeated human evidence: 3 primary human studies; 0 review(s) provide context but do not determine the grade.,"Selected PubMed records provide context for RPS25, but they do not by themselves establish what the gene does in this PBMC3k cluster.",Deferred to Notebook 08
RPS14,6,Activated/transitional T cells,9,0.0046915148218239,0.3268242,1.0,0.995617529880478,RPS14,The selected PubMed collection discusses RPS14 in publication-specific biological or immune contexts; claims are limited to the verified article summaries below.,Cell contexts vary across the selected publications; no cell type is treated as unique.,No single cross-publication mechanism is asserted; publication-specific evidence is listed below.,gene-specific literature evidence,publication-specific; no combined pathway inference,publication contexts only,3,B,Multiple human studies: 2 primary human studies; 1 review(s) provide context but do not determine the grade.,"Selected PubMed records provide context for RPS14, but they do not by themselves establish what the gene does in this PBMC3k cluster.",Deferred to Notebook 08
RPL13,6,Activated/transitional T cells,10,0.0036373999101412,0.35512033,1.0,0.997211155378486,RPL13,The selected PubMed collection discusses RPL13 in publication-specific biological or immune contexts; claims are limited to the verified article summaries below.,Cell contexts vary across the selected publications; no cell type is treated as unique.,No single cross-publication mechanism is asserted; publication-specific evidence is listed below.,gene-specific literature evidence,publication-specific; no combined pathway inference,publication contexts only,3,A,Repeated human evidence: 3 primary human studies; 0 review(s) provide context but do not determine the grade.,"Selected PubMed records provide context for RPL13, but they do not by themselves establish what the gene does in this PBMC3k cluster.",Deferred to Notebook 08
CCR7,7,Naive/resting T cells,1,24.002753697111523,2.8966832,0.54,0.1256855575868373,CCR7,The selected PubMed collection discusses CCR7 in publication-specific biological or immune contexts; claims are limited to the verified article summaries below.,Cell contexts vary across the selected publications; no cell type is treated as unique.,No single cross-publication mechanism is asserted; publication-specific evidence is listed below.,gene-specific literature evidence,publication-specific; no combined pathway inference,publication contexts only,3,B,Multiple human studies: 2 primary human studies; 1 review(s) provide context but do not determine the grade.,"Selected PubMed records provide context for CCR7, but they do not by themselves establish what the gene does in this PBMC3k cluster.",Deferred to Notebook 08
CD3D,7,Naive/resting T cells,2,14.993219074588666,1.829257,0.86,0.4501828153564899,CD3D,The selected PubMed collection discusses CD3D in publication-specific biological or immune contexts; claims are limited to the verified article summaries below.,Cell contexts vary across the selected publications; no cell type is treated as unique.,No single cross-publication mechanism is asserted; publication-specific evidence is listed below.,gene-specific literature evidence,publication-specific; no combined pathway inference,publication contexts only,3,B,Multiple human studies: 2 primary human studies; 1 review(s) provide context but do not determine the grade.,"Selected PubMed records provide context for CD3D, but they do not by themselves establish what the gene does in this PBMC3k cluster.",Deferred to Notebook 08
LDHB,7,Naive/resting T cells,3,12.718891363680685,1.8959795,0.9533333333333334,0.6179159049360147,LDHB,The selected PubMed collection discusses LDHB in publication-specific biological or immune contexts; claims are limited to the verified article summaries below.,Cell contexts vary across the selected publications; no cell type is treated as unique.,No single cross-publication mechanism is asserted; publication-specific evidence is listed below.,gene-specific literature evidence,publication-specific; no combined pathway inference,publication contexts only,3,A,Repeated human evidence: 3 primary human studies; 0 review(s) provide context but do not determine the grade.,"Selected PubMed records provide context for LDHB, but they do not by themselves establish what the gene does in this PBMC3k cluster.",Deferred to Notebook 08
PRKCQ-AS1,7,Naive/resting T cells,4,11.50633736025499,2.2133627,0.3977777777777778,0.1215722120658135,PRKCQ-AS1,The selected PubMed collection discusses PRKCQ-AS1 in publication-specific biological or immune contexts; claims are limited to the verified article summaries below.,Cell contexts vary across the selected publications; no cell type is treated as unique.,No single cross-publication mechanism is asserted; publication-specific evidence is listed below.,gene-specific literature evidence,publication-specific; no combined pathway inference,publication contexts only,3,C,Laboratory or animal evidence predominates (1 selected experimental study/studies); repeated human evidence is insufficient.,"Selected PubMed records provide context for PRKCQ-AS1, but they do not by themselves establish what the gene does in this PBMC3k cluster.",Deferred to Notebook 08
NOSIP,7,Naive/resting T cells,5,10.782675018582168,1.7067536,0.6911111111111111,0.3752285191956124,NOSIP,The selected PubMed collection discusses NOSIP in publication-specific biological or immune contexts; claims are limited to the verified article summaries below.,Cell contexts vary across the selected publications; no cell type is treated as unique.,No single cross-publication mechanism is asserted; publication-specific evidence is listed below.,gene-specific literature evidence,publication-specific; no combined pathway inference,publication contexts only,3,B,Multiple human studies: 2 primary human studies; 0 review(s) provide context but do not determine the grade.,"Selected PubMed records provide context for NOSIP, but they do not by themselves establish what the gene does in this PBMC3k cluster.",Deferred to Notebook 08
CD7,7,Naive/resting T cells,6,10.617834632130815,1.6040039,0.6422222222222222,0.3112431444241316,CD7,The selected PubMed collection discusses CD7 in publication-specific biological or immune contexts; claims are limited to the verified article summaries below.,Cell contexts vary across the selected publications; no cell type is treated as unique.,No single cross-publication mechanism is asserted; publication-specific evidence is listed below.,gene-specific literature evidence,publication-specific; no combined pathway inference,publication contexts only,3,B,Multiple human studies: 2 primary human studies; 1 review(s) provide context but do not determine the grade.,"Selected PubMed records provide context for CD7, but they do not by themselves establish what the gene does in this PBMC3k cluster.",Deferred to Notebook 08
CD3E,7,Naive/resting T cells,7,10.42237660636604,1.5500287,0.7644444444444445,0.4282449725776965,CD3E,The selected PubMed collection discusses CD3E in publication-specific biological or immune contexts; claims are limited to the verified article summaries below.,Cell contexts vary across the selected publications; no cell type is treated as unique.,No single cross-publication mechanism is asserted; publication-specific evidence is listed below.,gene-specific literature evidence,publication-specific; no combined pathway inference,publication contexts only,3,B,Multiple human studies: 2 primary human studies; 1 review(s) provide context but do not determine the grade.,"Selected PubMed records provide context for CD3E, but they do not by themselves establish what the gene does in this PBMC3k cluster.",Deferred to Notebook 08
PIK3IP1,7,Naive/resting T cells,8,10.006805784229131,1.7662108,0.4866666666666667,0.2033820840950639,PIK3IP1,The selected PubMed collection discusses PIK3IP1 in publication-specific biological or immune contexts; claims are limited to the verified article summaries below.,Cell contexts vary across the selected publications; no cell type is treated as unique.,No single cross-publication mechanism is asserted; publication-specific evidence is listed below.,gene-specific literature evidence,publication-specific; no combined pathway inference,publication contexts only,3,B,Multiple human studies: 2 primary human studies; 1 review(s) provide context but do not determine the grade.,"Selected PubMed records provide context for PIK3IP1, but they do not by themselves establish what the gene does in this PBMC3k cluster.",Deferred to Notebook 08
LEF1,7,Naive/resting T cells,9,6.78442897016866,2.0014858,0.3644444444444444,0.1243144424131627,LEF1,The selected PubMed collection discusses LEF1 in publication-specific biological or immune contexts; claims are limited to the verified article summaries below.,Cell contexts vary across the selected publications; no cell type is treated as unique.,No single cross-publication mechanism is asserted; publication-specific evidence is listed below.,gene-specific literature evidence,publication-specific; no combined pathway inference,publication contexts only,3,B,Multiple human studies: 2 primary human studies; 1 review(s) provide context but do not determine the grade.,"Selected PubMed records provide context for LEF1, but they do not by themselves establish what the gene does in this PBMC3k cluster.",Deferred to Notebook 08
C6orf48,7,Naive/resting T cells,10,6.782582869896404,1.3390005,0.7555555555555555,0.5022851919561243,C6orf48,The selected PubMed collection discusses C6orf48 in publication-specific biological or immune contexts; claims are limited to the verified article summaries below.,Cell contexts vary across the selected publications; no cell type is treated as unique.,No single cross-publication mechanism is asserted; publication-specific evidence is listed below.,gene-specific literature evidence,publication-specific; no combined pathway inference,publication contexts only,3,A,Repeated human evidence: 3 primary human studies; 0 review(s) provide context but do not determine the grade.,"Selected PubMed records provide context for C6orf48, but they do not by themselves establish what the gene does in this PBMC3k cluster.",Deferred to Notebook 08
PPBP,8,Platelets,1,68.17994743964287,13.376807,1.0,0.0247430529120669,PPBP,The selected PubMed collection discusses PPBP in publication-specific biological or immune contexts; claims are limited to the verified article summaries below.,Cell contexts vary across the selected publications; no cell type is treated as unique.,No single cross-publication mechanism is asserted; publication-specific evidence is listed below.,gene-specific literature evidence,publication-specific; no combined pathway inference,publication contexts only,3,A,Repeated human evidence: 3 primary human studies; 0 review(s) provide context but do not determine the grade.,"Selected PubMed records provide context for PPBP, but they do not by themselves establish what the gene does in this PBMC3k cluster.",Deferred to Notebook 08
PF4,8,Platelets,2,67.04897537540963,12.977622,1.0,0.0114198705748001,PF4,The selected PubMed collection discusses PF4 in publication-specific biological or immune contexts; claims are limited to the verified article summaries below.,Cell contexts vary across the selected publications; no cell type is treated as unique.,No single cross-publication mechanism is asserted; publication-specific evidence is listed below.,gene-specific literature evidence,publication-specific; no combined pathway inference,publication contexts only,3,C,Laboratory or animal evidence predominates (1 selected experimental study/studies); repeated human evidence is insufficient.,"Selected PubMed records provide context for PF4, but they do not by themselves establish what the gene does in this PBMC3k cluster.",Deferred to Notebook 08
GNG11,8,Platelets,3,65.6821704004705,12.698402,1.0,0.0102778835173201,GNG11,The selected PubMed collection discusses GNG11 in publication-specific biological or immune contexts; claims are limited to the verified article summaries below.,Cell contexts vary across the selected publications; no cell type is treated as unique.,No single cross-publication mechanism is asserted; publication-specific evidence is listed below.,gene-specific literature evidence,publication-specific; no combined pathway inference,publication contexts only,3,B,Multiple human studies: 2 primary human studies; 0 review(s) provide context but do not determine the grade.,"Selected PubMed records provide context for GNG11, but they do not by themselves establish what the gene does in this PBMC3k cluster.",Deferred to Notebook 08
SDPR,8,Platelets,4,62.03194561340757,12.011179,1.0,0.0118005329272934,SDPR,The selected PubMed collection discusses SDPR in publication-specific biological or immune contexts; claims are limited to the verified article summaries below.,Cell contexts vary across the selected publications; no cell type is treated as unique.,No single cross-publication mechanism is asserted; publication-specific evidence is listed below.,gene-specific literature evidence,publication-specific; no combined pathway inference,publication contexts only,3,A,Repeated human evidence: 3 primary human studies; 0 review(s) provide context but do not determine the grade.,"Selected PubMed records provide context for SDPR, but they do not by themselves establish what the gene does in this PBMC3k cluster.",Deferred to Notebook 08
SPARC,8,Platelets,5,58.067192130071696,11.213252,1.0,0.0091358964598401,SPARC,The selected PubMed collection discusses SPARC in publication-specific biological or immune contexts; claims are limited to the verified article summaries below.,Cell contexts vary across the selected publications; no cell type is treated as unique.,No single cross-publication mechanism is asserted; publication-specific evidence is listed below.,gene-specific literature evidence,publication-specific; no combined pathway inference,publication contexts only,3,E,Selected evidence is limited and does not meet the thresholds for grades A–D.,"Selected PubMed records provide context for SPARC, but they do not by themselves establish what the gene does in this PBMC3k cluster.",Deferred to Notebook 08
CD9,8,Platelets,6,52.00531546683904,10.211339,1.0,0.0255043776170536,CD9,The selected PubMed collection discusses CD9 in publication-specific biological or immune contexts; claims are limited to the verified article summaries below.,Cell contexts vary across the selected publications; no cell type is treated as unique.,No single cross-publication mechanism is asserted; publication-specific evidence is listed below.,gene-specific literature evidence,publication-specific; no combined pathway inference,publication contexts only,3,A,Repeated human evidence: 3 primary human studies; 0 review(s) provide context but do not determine the grade.,"Selected PubMed records provide context for CD9, but they do not by themselves establish what the gene does in this PBMC3k cluster.",Deferred to Notebook 08
GP9,8,Platelets,7,50.98709684826319,12.469261,0.9090909090909092,0.00228397411496,GP9,The selected PubMed collection discusses GP9 in publication-specific biological or immune contexts; claims are limited to the verified article summaries below.,Cell contexts vary across the selected publications; no cell type is treated as unique.,No single cross-publication mechanism is asserted; publication-specific evidence is listed below.,gene-specific literature evidence,publication-specific; no combined pathway inference,publication contexts only,3,B,Multiple human studies: 2 primary human studies; 1 review(s) provide context but do not determine the grade.,"Selected PubMed records provide context for GP9, but they do not by themselves establish what the gene does in this PBMC3k cluster.",Deferred to Notebook 08
ITGA2B,8,Platelets,8,50.896692280826066,12.441929,0.9090909090909092,0.0019033117624666,ITGA2B,The selected PubMed collection discusses ITGA2B in publication-specific biological or immune contexts; claims are limited to the verified article summaries below.,Cell contexts vary across the selected publications; no cell type is treated as unique.,No single cross-publication mechanism is asserted; publication-specific evidence is listed below.,gene-specific literature evidence,publication-specific; no combined pathway inference,publication contexts only,3,B,Multiple human studies: 2 primary human studies; 1 review(s) provide context but do not determine the grade.,"Selected PubMed records provide context for ITGA2B, but they do not by themselves establish what the gene does in this PBMC3k cluster.",Deferred to Notebook 08
HIST1H2AC,8,Platelets,9,49.728730141790365,9.829602,1.0,0.0319756376094404,HIST1H2AC,The selected PubMed collection discusses HIST1H2AC in publication-specific biological or immune contexts; claims are limited to the verified article summaries below.,Cell contexts vary across the selected publications; no cell type is treated as unique.,No single cross-publication mechanism is asserted; publication-specific evidence is listed below.,gene-specific literature evidence,publication-specific; no combined pathway inference,publication contexts only,2,C,Laboratory or animal evidence predominates (1 selected experimental study/studies); repeated human evidence is insufficient.,"Selected PubMed records provide context for HIST1H2AC, but they do not by themselves establish what the gene does in this PBMC3k cluster.",Deferred to Notebook 08
NRGN,8,Platelets,10,45.89056513665057,9.031865,1.0,0.0277883517320137,NRGN,The selected PubMed collection discusses NRGN in publication-specific biological or immune contexts; claims are limited to the verified article summaries below.,Cell contexts vary across the selected publications; no cell type is treated as unique.,No single cross-publication mechanism is asserted; publication-specific evidence is listed below.,gene-specific literature evidence,publication-specific; no combined pathway inference,publication contexts only,3,B,Multiple human studies: 2 primary human studies; 0 review(s) provide context but do not determine the grade.,"Selected PubMed records provide context for NRGN, but they do not by themselves establish what the gene does in this PBMC3k cluster.",Deferred to Notebook 08
