gene,training_f_score
TYROBP,1301.3110001503335
CST3,1289.7683527258362
S100A9,842.1152978208526
LGALS2,838.152084099445
FCER1G,823.624128128284
AIF1,807.6189516723757
LST1,806.0217580722062
CD79A,802.0911388005799
LYZ,755.2587366215062
HLA-DRA,734.2227190051354
NKG7,710.5994933649212
FTL,703.87558440562
S100A8,695.5049510276486
GNG11,678.4235731234817
ITGA2B,669.1008486311215
PF4,634.8723022805283
GP9,616.0314128742173
FTH1,586.3006081466096
FCN1,558.8002218494344
GZMB,526.0534834269293
SPARC,478.1554299690518
FCGR3A,460.47029143435236
LGALS1,457.7003906672223
HLA-DRB1,453.52847946516016
SDPR,452.42326475891815
TYMP,450.667242254743
PPBP,429.62229238195204
MS4A1,428.0423556483618
CFD,418.866443370579
CST7,413.71070093971764
PRF1,410.61076614803886
GZMA,395.5991432405401
FGFBP2,386.9545403578232
MALAT1,376.7410910659165
AP001189.4,372.32010350131225
CD79B,364.1722902691985
TUBB1,355.04611848064275
CD74,344.6852336156013
S100A4,343.14740245004043
CD3D,336.40102453485474
CD68,332.60235778537856
RPS27,330.33128923805845
HLA-DPA1,327.2766257342998
CLU,327.0660532448717
CCL5,324.43893418012584
SERPINA1,316.0972911825493
IL32,303.00128763388585
HLA-DQA1,302.4181928982314
S100A11,302.41092196793437
RPS6,297.14634324329603
HLA-DPB1,281.763867520533
CTSS,281.63239099359447
GNLY,280.51318497330675
PTCRA,279.07535683557677
RPL13,277.1933487272936
HLA-DRB5,275.6269417122938
SPI1,270.13146749920884
IFITM3,269.3022934861207
RPL32,258.3707272987554
COTL1,258.0403872819097
RPL13A,253.17421677637165
RPS12,250.34048093996853
CTSW,247.96014252549585
IFI30,246.77711296422717
LTB,246.75550099240849
SAT1,244.94694964412628
HLA-DQB1,244.4402770665745
CD9,238.5689254960387
S100A6,237.55168535336543
TCL1A,236.60609406437004
RPL3,228.12014873185603
RPS27A,226.3209638747664
RPL23A,226.02648555850035
CD14,223.68016689344046
MS4A6A,222.4618602046125
PSAP,221.9692886166444
TMEM40,221.31284527485937
GSTP1,220.6312789423148
TREML1,218.93825795342187
GRN,218.16897630607585
NPC2,216.9645842393065
RPS18,215.96601306005863
GPX1,214.42695923619073
CFP,213.35617654475377
SPON2,210.9775928439733
RPS3,209.63716163913165
RPL11,202.88747275964317
FAXDC2,199.42284223871602
RPL10,196.17207755801883
RPS25,193.0550765703165
RPS14,191.5248910479298
B2M,189.38866684910923
RPSA,188.85177889719756
RPL18A,188.65652711803156
MS4A7,188.32054495286292
RP11-290F20.3,186.6551591105563
RPS2,185.9008085866872
CMTM5,185.1634392252435
RPL21,183.92725363643933
ITGB3,180.97688999196183
RPL9,180.23052688594137
HIST1H2AC,174.2872744992539
PTPRCAP,174.03792084845534
AP1S2,172.738222959236
CD3E,172.54966178332916
LY6G6F,171.48436645025015
PYCARD,167.48973209298478
RPLP2,166.36127505226926
LDHB,165.17787234688936
LGALS3,163.99005197746698
OAZ1,163.15784994026694
RPS19,162.20058955415766
LINC00926,161.82836422192537
RPS23,160.21246057417477
CEBPD,159.51064339886585
BRI3,159.29806661348937
RPS15A,159.111838387006
SRGN,158.1634526050999
CLIC3,154.35149174488967
HCK,150.20015342857977
CYBA,148.7610211248728
RPL30,148.22328394314573
RPL27A,147.69467814150144
NCF2,147.6076633657036
FSTL1,147.03672466983753
PILRA,143.71115836475946
RPS3A,143.03649093720634
CDA,142.97370427286432
TKT,142.9567461956131
F13A1,142.51611542508218
VPREB3,141.66302206470658
TMSB4X,140.34548646949352
CEBPB,140.2571371574073
GZMH,140.22797420118184
RPS5,139.45943236194407
HLA-DMA,136.56927774409476
GZMM,136.32365415834548
EEF1A1,135.08393728665854
FCGRT,134.18105026361283
NRGN,133.5123429420593
CCL4,132.93414091735826
C2orf88,132.509507146979
CLDN5,131.96000246689036
CDKN1C,130.77345236820707
GABARAP,130.5260586390899
SEPT5,129.98229127621858
MYL9,129.96289787623707
CA2,129.69842092300902
SLC7A7,127.90619052774983
RPL31,126.01178209614514
TIMP1,125.35656910958056
HES4,125.18196954645396
RPL19,125.1030658447696
LILRA5,124.03183452992045
RGS18,121.74787922494093
RPS4X,121.49466399728128
CD247,119.40905965858686
ACTB,118.19237838139632
GZMK,116.72485203835785
RPS15,116.40650819672496
RAC1,115.751405257536
RPL28,115.71944233312064
LRRC25,115.35215496131808
CD7,114.96899467111137
RPS13,113.6133158865838
RHOC,112.98289052641809
LY86,110.81935302228638
AKR1C3,109.8775312169225
IGFBP7,109.25293594397
PVALB,108.62496153128679
RPS29,108.40372732006934
RPL10A,106.77848183784786
KLRD1,106.01479005275243
ANXA2,106.01324758696116
XCL2,104.46042459413482
RNF130,103.7578532463186
APOBEC3A,103.61390248331921
TNFSF13B,103.3522761885439
RPL5,102.9194557419838
RPL12,102.88757086292613
RPS16,102.73218833803519
IL7R,102.4037822835223
TSPO,101.5395243394417
FGR,101.44095751280435
BLVRB,101.35783894429183
RP11-367G6.3,100.8235478020362
SH3BGRL3,100.354077673021
RPS8,99.17774945563455
TMSB10,98.16613572790584
HIST1H2BJ,97.45857825538805
DMTN,97.10542106015488
ACRBP,96.98679622469652
HGD,96.89333587762023
ALDH2,96.58717467361994
NUP214,96.51479114190415
GP1BA,96.21330203060974
RPL35A,95.46222812238267
NEAT1,95.24808313162312
STXBP2,95.17047691259641
VIM,94.5822879716644
BANK1,94.47861334521545
MMD,93.33403554028352
FAM26F,93.08364963718775
HLA-DQA2,92.31889824276948
RPLP1,91.94819930618776
LILRA3,90.7477520094003
IGSF6,90.02359994859079
CSF3R,89.57593787057087
CPVL,89.19714429886612
AP2S1,88.84780311500815
RPS10,88.51801704842654
FPR1,88.38406177417316
TALDO1,88.3441657530031
PTGS1,88.25344236595119
CSF1R,86.9275616007325
RPS28,86.79601310272909
HOPX,86.77997497422619
CTSH,86.74206379554346
RPL14,86.72692285969046
MNDA,86.4640376881604
HMOX1,86.41395795839618
C19orf38,86.11412470681296
C19orf33,85.21976798974599
MAFB,84.74004837451749
GAPDH,84.537381771245
HVCN1,83.71844628441619
CD37,83.63222066897252
RGS2,83.39356388138245
TPT1,82.2860986560217
LILRB2,82.01583653825224
CLEC1B,81.27323935230173
FCER2,80.81472892997033
PDLIM1,80.56010232560698
RPL18,80.41430370176246
CTSB,80.22677031376568
HLA-A,80.04042789665607
ASGR1,80.00587389117298
HLA-C,79.93654174184594
RPLP0,79.77490908787313
FGL2,79.74851153008096
S100A10,78.68587795911695
ARPC3,78.00920536641128
RPS20,77.46394002053863
RPL36,77.09657114782766
PRSS23,76.693786870461
C1orf162,76.14853870116454
HLA-DMB,75.85708621245064
RPL15,75.74887088456997
STX11,74.77590038855989
MYL12A,73.88409623915409
ASAH1,73.85732979192957
MPP1,73.64212577283601
TTC38,73.51525149081789
SLC31A2,73.19047790449488
CD2,73.05872064418813
IFI6,72.95667608621127
LCK,72.93062014813923
ARHGAP6,72.28763650487315
KLF4,72.25905492646692
PLAUR,72.13367614486151
ARPC1B,71.92853491360843
TPM1,71.87513460329932
TSPAN13,71.86831338379898
BID,71.80925037226528
RPL29,71.3795870762455
SNCA,71.37628488090785
ITGB2,71.35229459387288
C5AR1,71.07861053614377
RPL6,70.73994742222717
FCRLA,70.0803463861234
RPL8,70.07026407449914
ABI3,69.86298502555852
RPS7,69.71982520826306
PRELID1,69.29331757209287
C6orf25,69.0863474123407
TGFBI,69.04460549653399
PFN1,68.62846626663176
TSC22D1,67.57041058671379
AES,67.37231389147863
ANXA1,67.33047695105566
CTSL,67.16810858851778
MATK,67.13260059084796
PLBD1,66.58072992564017
SMCO4,66.27927031052474
GPR56,66.11742663293091
CKB,65.6649230156275
CD33,65.44767679005274
SIGLEC10,65.1654763037217
CLIC1,65.03202629581104
BLVRA,64.98081180213569
SLC11A1,64.68722714742927
CCR7,64.55633719356435
GIMAP7,64.25916273148705
ODF3B,63.97813866014414
MYL6,63.968126894386856
LCN2,63.774597716147895
SCN1B,63.645296928204424
CPPED1,63.432994212908405
RARRES3,63.378643860630724
MS4A4A,63.170793324861265
MPEG1,62.98927914296117
ANXA5,62.933563661049064
FOLR3,62.82880434267737
IFITM2,62.702594800861206
S1PR5,62.6056613329852
FKBP1A,62.43112630598895
WARS,62.218141549934295
CTSC,62.08954922340977
APMAP,61.849499138150534
ALOX12,61.57661643439168
CXCR4,61.18876213828724
PDZK1IP1,60.45852499161978
BATF3,60.306531151937165
RPL35,60.15884875764097
RP11-879F14.2,59.27256803517058
RPS26,59.1397656606786
LILRB1,59.02458761299137
FCGR2A,58.81855325104959
CAPG,58.52422032417486
ATP6V0B,58.357558259012926
RHOG,58.2853103568586
HCST,58.16930350123888
SH2D1B,58.00182998816361
LYN,57.97756992332964
IFITM1,57.623493503841196
FASLG,57.497847886544186
RBP7,57.43269127735034
NGFRAP1,56.704650905464625
CD72,56.595395087868624
RPSAP58,56.564803158346145
RPL17,56.30575018759877
RPL7A,56.15566007633484
CD8A,56.11030337966074
CXCL16,55.99755811231734
LYAR,55.9862540634469
CTSD,55.930642724342896
KLRG1,55.68431103563243
CCL3,55.6162042845287
KLRF1,55.51321833546271
IRF8,55.34405978403624
NPM1,55.26778564262095
CAMK1,55.09817158804359
RAB32,54.88214098101691
TMEM66,54.87589586604929
SPOCD1,54.70549009244839
PGRMC1,54.35694736415099
MT-CO1,54.19742712441216
C10orf54,54.12740912593664
NOSIP,53.99745054425352
CD63,53.88330039295093
ISG15,53.60081696022986
PKIG,53.262316326667786
AC147651.3,53.18001719508354
PGLS,53.17610121838587
RPS21,52.85925435611101
CTSZ,52.854087512257344
TBXAS1,52.77492791965531
EVL,52.59921085428988
VCAN,52.465581137914974
RPL26,52.45587354786188
LINC00936,52.40853832503278
RNASE6,52.35394452868202
EFHD2,51.44353432423117
PNOC,51.151123797244324
RPL7,51.09977776593218
SAMD14,50.916933877087146
CD300LF,50.602411732705725
GNG7,50.57358637392377
CARD16,50.4672857305975
ESAM,50.424711761856585
RUFY1,50.36082608940358
BST1,50.21142742190643
BLNK,50.056646223300326
TGFB1I1,49.90947400888518
RPL36A,49.692841366266265
GAS2L1,49.41923946563146
CD300E,49.315509713387414
RPL27,48.466502751479275
ANKRD9,48.38811444663772
S100A12,48.26576037624862
BLK,48.18252102537707
KIAA0125,48.0629418853259
RPL37A,47.97129619613195
RPS11,47.90109309637297
PRKAR2B,47.699995490967495
AQP3,47.695130874235744
GLTSCR2,47.557143128269914
CASP1,47.524216321965646
EEF1B2,47.491537615213446
TPST2,47.23963815557334
GATA2,47.223012824330965
NPPA-AS1,47.13443116636902
SPIB,47.01304795201858
TESC,46.986697735534726
BTG1,46.89815275816129
MT2A,46.82132069776233
HLA-DOB,46.743230719667245
CD99,46.41528695769136
GPBAR1,46.22762007704337
RHOB,46.21632871371659
TPPP3,46.183717950802034
TMEM176B,46.17285886846899
GNB2L1,46.1182183784904
NINJ1,45.926367161147425
EAF2,45.78150001322308
LY6E,45.2904984691283
P2RX1,44.80222044210796
CD8B,44.596697891727295
AC137932.6,44.54265270674274
IGLL5,44.51057500006074
RPL37,44.42370356599412
NCF1,44.3371777191098
XCL1,44.33583352956452
CTD-2006K23.1,44.32085695161932
PLEK,44.271836093996065
ID2,43.95720770494368
IL2RB,43.92925017356657
C1orf21,43.87241503272211
SERF2,43.147144329028315
CD40,43.14485227418631
IL8,43.115726894995895
MAP3K7CL,43.10280582072878
ATP9A,43.03285387414516
CYBB,42.48496632079715
HSBP1,42.35796114158516
TPM4,42.28106101267016
ARPC2,42.26297407721389
IFNGR2,42.22399127542447
CD27,42.161948752441525
SMIM14,42.12125654600732
TPI1,41.82480632547418
AGTRAP,41.77783080215763
FCRL6,41.74637527858236
MYO1F,41.634274117689415
HAVCR2,41.60216013443851
VSTM1,41.53159842281563
ARHGEF40,41.53135421997761
RGS10,41.50769903703758
PLEKHF1,41.18529269078227
MSRB1,41.118643634478126
TRAT1,41.11475722263698
ARRB2,41.005707664298754
JUNB,40.87759262738085
RPS9,40.85447669183812
PRKCQ-AS1,40.82803523723862
APOBEC3G,40.725013544707856
DDX5,40.622416665278614
IL1B,40.55496480665957
EMP3,40.546104977613126
LGALS9,40.46598132327766
CD300A,40.416836875791425
ISG20,40.36237018212569
TNFAIP2,40.17049623573102
POU2F2,40.12657808434085
LEF1,40.01075885490683
LYL1,39.989619954921444
SPHK1,39.969857260974834
C20orf24,39.85494015247954
LGALSL,39.82146631914195
SCO2,39.7780964272907
SOD2,39.63168220794019
CSTB,39.48455566374285
RAB31,39.34466341432883
APLP2,39.33527805656952
ENKUR,39.229400083363096
PIK3IP1,39.226599072169854
RSPH9,39.206528231963446
H2AFY,39.10668852787206
CHST12,39.05572142302688
CLEC7A,38.88647063822646
EIF4EBP1,38.75178650663339
QPCT,38.70759680941701
SAMD3,38.601258396550705
HSPA8,38.496847058356856
CD3G,38.483014348146995
NACA,38.439193784992646
GIMAP5,38.38533707510247
PFDN5,38.28455413606799
CNPY3,38.178346165803816
FCGR1A,38.15780152922079
AMICA1,38.07846721835032
PLAC8,38.01263561005589
CD86,37.944126397065915
ALDOA,37.74676721998244
CD160,37.656704758493404
DUSP6,37.63578985481832
P2RX5,37.58273558424223
H3F3A,37.46180820685156
IL2RG,37.42584553268207
OSCAR,37.28604092635605
ALOX5AP,37.24894661481869
CD69,37.08164450031089
C12orf75,37.07525663378655
THEMIS2,37.02445454166418
ACTN1,36.944188794570806
MAL,36.92003846312716
FOS,36.89095592407594
ILK,36.808354303316584
CYB561A3,36.78517744945347
RPL38,36.764699391256705
PARVB,36.6278250055174
G0S2,36.61885848290877
MTMR11,36.61034927385839
SPOCK2,36.46680533775655
CD52,36.3998480779633
TNFRSF1B,36.355321316363806
C4orf48,36.2813414692282
RAP1B,36.18855537482207
NCR3,36.16854067454272
VASP,36.04654265255833
GSN,35.595302670582974
PPAPDC1B,35.591761210362435
RAMP1,35.53787671678519
CD300C,35.43088358698519
LYST,35.39302451767315
CALM1,35.37879897611084
CD19,35.335105861674926
ST3GAL3,35.29580480361492
TCF7L2,35.261546045507096
CFL1,35.204681804243705
ZAP70,35.01717638023418
SWAP70,34.95267185276765
QRSL1,34.8959336188457
GSTO1,34.8936030090488
TNFSF10,34.802272598148605
EIF4A1,34.79922315243833
SERPINB1,34.78590668130486
CD302,34.7023397381026
RXRA,34.698056062670545
MARCH1,34.51165623358707
NFKBIA,34.35107276682521
PRAM1,34.32525119752534
LAT,34.20932179474614
GLRX,34.17572692494819
FAM49A,34.047231045341185
OAZ2,33.7569217788876
RPL4,33.59748294630201
SCFD2,33.38158460442339
NCOA4,33.37390516380968
ODC1,33.08987746479927
SCGB1C1,33.045211480035235
CD53,32.861133206391784
SNX2,32.674623590052526
NAAA,32.66594668314552
RP11-359I18.5,32.66141077232626
RP3-329E20.2,32.66141077232626
C20orf27,32.57618826105785
HLA-B,32.528909969852144
LAMTOR4,32.47618096655877
EIF4A2,32.46056472124347
SH3BGRL2,32.309471167517955
SCIMP,32.28073778455761
RPL22,32.22520518095347
GLIPR2,32.12763208676771
CSTA,31.943523002760315
PRDX2,31.66031505870783
GFI1B,31.107142719035664
ZNF385A,30.94773159242903
FAU,30.946947772392555
GIMAP4,30.918405318542227
ID1,30.89125868007592
PGD,30.891188512269302
UBA52,30.85108170263333
RPL24,30.75672826331124
JUN,30.544916309700714
PTGDR,30.435299651460166
GAPT,30.40124053208328
HN1,30.3332472227892
FCRL1,30.219574434273927
TBX21,30.201289323688712
KIR3DL2,30.12063658388021
TAL1,30.047551461233738
BST2,29.99611277488216
DOK2,29.91552639709276
CD36,29.874779660457605
ATP5G2,29.86514538900609
RPL34,29.680732830142347
FAM110A,29.456471020740448
CD22,29.418793760135053
GRAP2,29.39429256040815
YBX1,29.367758946924823
AC092295.7,29.296578209994497
ZFP36L2,29.20675693959653
CX3CR1,29.17932640419285
HINT1,29.087996808926345
SCPEP1,29.074419418208915
ZFP36,29.07402859607936
RPS4Y1,28.974659823868123
MEF2C,28.912671101944184
FAM63A,28.86584819796107
FHIT,28.856379209248942
HNMT,28.799987343505265
ATP6V1F,28.736410328861194
EMR2,28.673733622668834
VMO1,28.6120066353819
CD40LG,28.58947985934187
SUPT4H1,28.56978885372107
AOAH,28.455537494060245
MAPKAPK3,28.41239415529153
GLUL,28.385425538254477
CD1D,28.36423852811305
CLEC4E,28.193655958273386
NAP1L1,28.19241009265226
BTK,27.945553830572184
SNX29P2,27.860869885440806
PTPN6,27.774697836791255
GRINA,27.696996295846354
ARPC5L,27.66100876376256
ACAP1,27.639899043175927
RHOH,27.597457065539192
ICAM4,27.59704121883246
PLEKHF2,27.587185546078675
LILRB4,27.485047586700095
HHEX,27.463174447075605
MARCO,27.353255367855308
OAS1,27.336534028370437
GNAI2,27.31515578672706
GCA,27.14577773439563
SERPINE1,27.00282381174418
LIMS1,26.94564133941182
LILRA2,26.943712186044223
SULT1A1,26.788516987861406
MLH3,26.78548021941306
SLC2A6,26.757725792166326
SLC43A2,26.730430565051453
LAMTOR1,26.59088206686312
CLEC12A,26.559941376676445
RGCC,26.464959926782946
CD180,26.449636239434984
LEPROTL1,26.380336726822925
DYNLT1,26.36298285246242
HLA-E,26.313292825474733
CUX1,26.2577402352269
FOSB,26.102170461074795
MT-ND1,25.999107078359177
CLTA,25.93450370739907
MZB1,25.86183813973505
RNF11,25.84637503770566
TPTEP1,25.802493743809148
ATP6V0D1,25.729059850780974
ATG3,25.664539451784886
TCF7,25.620604674492117
LAT2,25.58737028999325
ADA,25.56204811135282
GLS2,25.50046910297978
POU2AF1,25.496988523535457
FYB,25.472871875121612
VAMP8,25.341151821262486
NOP10,25.262031034656896
RALGPS2,25.234592115272473
SERP1,25.176783500848785
CTSA,25.088559488630985
ASCL2,24.90506795104753
LILRB3,24.849935012040802
TNFRSF4,24.795183428362918
EGFL7,24.778428979592977
TCEB2,24.73098653406838
FAH,24.717236299691184
TIGIT,24.67586792338246
CXXC5,24.650596477782738
ZNF703,24.6240379856896
RETN,24.590791402717162
RHOA,24.56190206008804
SLC16A3,24.543998095073523
ADRBK1,24.487169756193655
WDR11-AS1,24.47236154200924
AC079767.4,24.438483819440837
OCIAD2,24.41903492016001
FLT3LG,24.364334493752
RNASET2,24.27736986154367
RPL23,24.203866495930757
SNX3,24.17265994103933
CHST2,24.120973304074
UBB,24.08761620561484
YBX3,23.924356502432147
C6orf48,23.90022904736674
MFSD1,23.793774205931495
RAC2,23.73370643465281
LINC00877,23.72412481608491
RASSF4,23.72364336551096
ITM2B,23.660237146341956
SELL,23.64029074987815
SEPT7,23.623915309888044
MGLL,23.607201405823428
SYTL4,23.5449946134922
ZYX,23.54039093889461
RNH1,23.447253067872474
SAMHD1,23.388988983237518
MGST1,23.369662468564357
MIR24-2,23.289242670122334
C12orf57,23.260119059303104
UNC93B1,23.172608248145085
STK17A,23.171025864101367
PYGL,23.110751074906997
FAM129C,23.07256322353035
AP2A1,23.0414503962979
ALOX5,22.991727295494425
GSTK1,22.980081984816607
CCDC50,22.809538541167267
BRK1,22.75865768576071
ATP13A4,22.7585537473294
OPTN,22.757045631038178
PSMB9,22.75248695868809
TMEM123,22.661499111435845
TUBA4A,22.54992903273236
LITAF,22.51245598795344
FAIM3,22.501769961870856
SH3BGRL,22.48369213642188
SPN,22.48276933391018
TMEM91,22.460232077608474
CALM2,22.43799647582653
TLR10,22.430390542309922
ABCC3,22.389522975363057
PID1,22.370571212477508
PLA2G12A,22.349476329692433
PKM,22.346505805640746
TRABD2A,22.346251823169986
RGS19,22.25680065548742
YWHAQ,22.249992682877206
NRG1,22.162444515839844
NAPRT1,22.154877839856685
KLRC1,22.14447667924019
TCIRG1,22.10335719318062
PAK1,22.103008381190737
SLC25A5,22.071202729952283
SEC14L5,22.011835254370382
SYNGR2,21.98337314163094
DRAP1,21.956603827347422
NDFIP1,21.860616685795907
ACTG1,21.813258841108226
RP11-693J15.5,21.77209393035532
GMFG,21.708253440594934
GNG5,21.64798440789689
COX8A,21.63465070410819
NUDT16,21.62407313987393
PPP1R14A,21.62076135432772
SLC25A6,21.600614221843745
PSME2,21.58725871655013
NAGK,21.575439115851818
MARCH2,21.56457579145935
C19orf59,21.532726144367466
CLEC10A,21.526747162760554
HIGD2A,21.519122481241695
ARRB1,21.4790405434921
NAMPT,21.407132369941117
SERPINE2,21.30442762773457
HEMGN,21.28866980311668
BLOC1S1,21.27851625611398
PLD4,21.240830881293792
NAGA,21.21982467692808
ACVR1,21.214448806901782
COX5B,21.20618983257986
ITM2A,21.193469905100333
PABPC1,21.15924521620804
HNRNPA1,21.149132053569648
BIN2,21.13329076095553
TRIM58,21.13041827661103
ADAM28,21.124696768061682
ATF3,21.090907734138003
HEBP1,20.977999356413765
UNC119,20.949781326612925
CEBPA,20.941292200619436
GPX4,20.863636028803334
SOD1,20.783487737886205
SNN,20.780257284775143
ATP1B3,20.691440861156593
CREG1,20.636711361565997
NEURL1,20.551644707696916
CEACAM3,20.546492466316053
MMRN1,20.519623059309424
SYK,20.499447390544194
SEC11A,20.498206081013834
PIM1,20.477347916789036
CCND3,20.422556356795432
TPD52,20.392482090713372
APOBEC3B,20.37928769704379
RHOBTB1,20.33453746648659
LYPD2,20.288452751123774
COX6B1,20.286184794534606
KIAA0226L,20.20968324511201
PTP4A3,20.1385562185324
FES,20.092322662228625
XPNPEP1,20.075735945192907
UBC,20.035141602475857
KLF6,20.034598004975134
UBE2L6,19.94116547237306
LINC00176,19.935878111878335
SIT1,19.870900310694807
ARL4C,19.863225598674223
TRAF3IP3,19.851653615630614
PLP2,19.84873961205746
PDIA3,19.834977951581777
EIF4E2,19.822033017277114
RNASE2,19.774078451046783
ARHGAP15,19.742737710591992
TCF4,19.73340019697498
CLEC4A,19.729401264003176
CDH23,19.700479104980246
AAK1,19.691931811924466
CATSPER1,19.684992117149942
MPST,19.58499158456993
TTC30A,19.548156939246375
MYL12B,19.535364386421882
TDRP,19.52484483954345
PLXNB2,19.51755325512049
LSP1,19.517534937456613
ZNF467,19.472434062181858
POLD4,19.453857168878837
CD4,19.425418279883974
PTPRE,19.389279212362663
EEF1D,19.381718753682417
SH2D2A,19.3796782415569
PEBP1,19.346076381493695
CALD1,19.343090213816424
LAG3,19.268720361828585
TNFRSF13C,19.268529119126573
TJP2,19.24277611299468
AFF3,19.23236613020701
TUBA1C,19.227923019455886
ZDHHC1,19.202318327005273
GYPC,19.201270941706625
PPP1CA,19.182924114990186
DNAJB1,19.118547085766398
ANXA6,19.060317984814013
NELL2,19.051956526240367
ATOX1,19.02532656956186
HIST1H2BK,19.01906701501796
H3F3B,19.011400802918615
FLNA,18.999978041876986
LDLRAP1,18.990279898854247
VMP1,18.95698122393033
SAT2,18.94701529837873
PCP2,18.914405571675157
CD151,18.849946655192422
HOTAIRM1,18.82561149301275
FCRL2,18.776549087269963
SNHG7,18.77538022452967
CD97,18.72329099728244
CDKN2D,18.71960313212398
CDKN1A,18.68265923122241
DYNLL1,18.636218029685086
GUCY1A3,18.62474106922914
IMPDH1,18.624169021034373
RP11-664D1.1,18.612070453719863
TMEM205,18.58902184559548
BIRC3,18.579085825073037
VAMP5,18.561711332710765
SIRPA,18.56136042689247
RPS24,18.536112538201536
CAPNS1,18.535580231001823
NFE2,18.51019362666715
RP11-362F19.1,18.49390967383811
RBX1,18.485869704943543
MSN,18.442302576062445
SMOX,18.43210028263755
CHCHD10,18.428459145553447
PPP1R18,18.384771810955964
FBXO6,18.370147688391434
TOMM7,18.350051183086443
RAB6B,18.33597783528699
TTYH3,18.324746260878847
SMIM5,18.290764204035405
CD244,18.28223910532356
KYNU,18.24712789459001
CARS2,18.24678549608326
SNX10,18.243870994615367
JUND,18.236449122779067
EPHX2,18.12228331205111
CD83,18.121478633431558
STX7,18.105819631845343
FERMT3,18.04787087511933
FBP1,18.039344283100586
WDR83OS,18.03817148544682
STRBP,18.011617110414473
SLAMF7,17.98850018646208
XBP1,17.937418999639718
LIMD2,17.917275854813717
MYD88,17.88846028848793
DUSP2,17.886193231522068
IFNG,17.8377900714276
CSF2RA,17.82821553912888
PPP2R5C,17.817967414446727
S100B,17.773334381456056
GP6,17.752551923473696
TMIGD2,17.71033725719197
C5orf56,17.646218828259073
MBD2,17.613356260039073
HBA1,17.582915576879042
SUSD3,17.55078602671063
GNB2,17.47095014554543
NCR1,17.455183408885087
ITM2C,17.450699058319483
PLA2G16,17.4351951588229
EOMES,17.367257434572355
WDR1,17.325563076872932
TTC39C,17.302282930624724
HMGN1,17.289732134756985
CD200,17.272940555001863
OLIG1,17.25026112549431
PDLIM7,17.24980270600627
FCGR1B,17.249675543473625
PSMA7,17.185785668034647
POLE4,17.132717187948185
RNF135,17.102894722359427
ARPC5,17.08414105513399
LAPTM5,17.08358510981821
LILRA1,17.080611955368862
RGS3,17.07463279787278
NDUFS7,17.020818174959693
SH2D1A,17.011106477511156
CD38,17.009098972968783
PRKCH,16.984733226497664
INPP5A,16.97041269874666
TNFAIP8,16.96166330244193
SMPDL3A,16.901229848006206
GLIPR1,16.899157017042025
RAB10,16.888498318885983
SPINT2,16.83320392731354
RP11-110A12.2,16.783975639191922
REEP5,16.771897985044642
RAB24,16.73117694279421
EPSTI1,16.71586493574707
C15orf26,16.70447927878993
MYC,16.6945803226956
TGFB1,16.667267149006662
DHRS7,16.64170348321476
LINC00984,16.63749746513446
LY6G5B,16.634206409927728
ARHGAP24,16.627345454047575
UBE2C,16.618033834865205
BCL7A,16.58278983571755
C16orf74,16.566183176513274
CORO1B,16.556797943351526
C11orf31,16.536212177690597
RP5-887A10.1,16.533264352715555
ITGAM,16.50052496864892
SKAP1,16.459485278494054
BNIP3L,16.45334539291198
IGJ,16.445784832153343
CTTN,16.437563325024954
RP11-647K16.1,16.43467025403662
PTAFR,16.419644624493625
TAGLN2,16.403968846672303
ITGAL,16.402345265757916
FAM46A,16.36293368750236
PSMB3,16.313810429734307
CECR1,16.31371104030248
CACNA2D3,16.306267015226165
PYHIN1,16.28709731424282
CDCA7L,16.279352029676218
RILPL2,16.227638416217328
SEPT4,16.173682289553266
ALDH3B1,16.160739622814003
KIR3DL1,16.15670692606204
TUBA8,16.149359137685664
COMT,16.144640072177847
UQCRC1,16.08752610745222
DUSP1,16.086096274392816
NEXN,16.05723987962919
FKBP11,16.038877290440524
PIK3AP1,16.038762300376717
SMARCD3,16.0202706397081
TXNIP,16.018982355606557
UQCRFS1,15.953460267320294
TNFRSF8,15.94232574737174
PBXIP1,15.892897112099973
NANS,15.870175726131647
TNFRSF1A,15.837895672877934
LCN8,15.78919408289514
PSMB10,15.774727893413749
CHMP4B,15.753003356330183
LRP1,15.699167234201644
SLC40A1,15.669946154543315
ADAP2,15.66526739489388
PLEKHO1,15.661076524949442
LMO2,15.660742659926447
MMP23B,15.656408350610132
RELT,15.654260003901943
KIAA0930,15.646899959530991
CRIP1,15.642143980651754
IL18RAP,15.63346417532538
SLC9A3R1,15.628701720816542
NCF4,15.622421436851567
TXK,15.600289731762595
UBE2F,15.60023564900851
VIL1,15.580892878072918
CALM3,15.575902131775722
RNPEP,15.56603913381091
PBX1,15.55605132245912
ZFAND5,15.544619192645145
BIN1,15.44083530534673
LNP1,15.430892643332877
PNMA1,15.412753975519694
SDCBP,15.403063693344105
TMEM219,15.353735628853542
OXNAD1,15.314448483432372
NFKBIZ,15.306041947337016
ATP5E,15.291989743762668
PLSCR1,15.288301214713124
POLR2L,15.283080920929226
GAS7,15.252364281417853
IER2,15.237979009421668
FCGR2B,15.111841510192205
MYO1G,15.082074258498713
COX7C,15.076626312071843
PTGER2,15.068579372583274
LIM2,15.065714780279558
FUOM,15.05375378137736
H2AFZ,14.982167643431723
MEFV,14.981073578048575
NDUFA13,14.97622171315853
RP11-81H14.2,14.966768907523612
PLA2G4C,14.965184521584503
PSMB8,14.964510824122392
LAMTOR2,14.91126222154252
ANXA4,14.8208428296007
INSIG1,14.791755760533208
SERPINB6,14.782560274811415
EEF2,14.744839905979239
RAB27B,14.721315233629335
SLC24A4,14.6934903389234
NMUR1,14.687002019392043
C14orf64,14.672539883074979
ARHGDIB,14.664389782575794
TMEM204,14.652449006408773
TNNI2,14.640525355691086
CYTIP,14.638873514898203
MYCL,14.601691076571777
CD6,14.597062216835774
HLA-DQB2,14.58350465741797
JAM3,14.580849581466053
FGD4,14.529474080851893
USP10,14.517620048429476
NR4A1,14.505270665998895
HSPA5,14.498483642170976
AGPAT2,14.488528135444707
PRKCD,14.484000111015325
LEPROT,14.460490234489711
KIAA0513,14.456032291918392
ABHD17A,14.444365351008067
KIR2DL3,14.422810542709636
IL17RA,14.41130244373319
hsa-mir-1199,14.38673483047516
TSEN54,14.373726346488432
TUBA1B,14.369426936517705
HK3,14.369177891841394
RHOBTB3,14.366011884188463
SLC2A3,14.36429542295731
FXYD5,14.34477470661357
HOMER2,14.314125986122459
SYNGR1,14.307410838296741
CASP4,14.303636674384174
NUCB2,14.283008285875141
CDK2AP1,14.264769229130993
MCF2L,14.261869273169276
GIMAP1,14.241907295800615
YWHAH,14.226598152317836
ITGAX,14.206820668076137
STAC3,14.203300788070106
SEL1L3,14.195503155212176
COX17,14.167642974907128
RGL4,14.155937853264154
COMMD9,14.129182215866777
ITGB7,14.080681067605365
TSC22D3,14.04326976032922
PTGDS,14.031368013858978
PASK,14.02433957328255
PRDX5,14.023943982480661
C10orf11,14.019163163648484
BEX2,14.007366813386056
COX5A,14.004354000573375
MTSS1,13.990562454378512
ATP5J2,13.976089533518616
SEPT1,13.962572866882658
RNF149,13.926714494957753
CETP,13.92633280466799
MGAT4A,13.917523953812434
RORA,13.906564623153278
RIN1,13.903102874466063
TNS1,13.85072826549786
PTPN18,13.839981958157555
SOCS3,13.839940335234552
BAX,13.832361816586378
PCDH9,13.826343651813266
HLA-DOA,13.797467330356596
SECTM1,13.778983899031461
SH3YL1,13.749565567617775
FHL3,13.73706089220398
SKP1,13.710652176139492
KCNE3,13.70710176810903
TIMM13,13.701290395080125
C15orf39,13.69941765632198
CMC1,13.679324722311792
COPE,13.666174661631022
COX4I1,13.648018941413438
TREM1,13.63765169879574
EMR1,13.62198698826076
UQCR11-1,13.604186494514327
CARD9,13.59683372166108
NBEAL1,13.590452667747135
TNFRSF13B,13.49985591891296
CAPN1,13.490331065713605
LAP3,13.471311076300973
HCAR3,13.462839467864518
PHACTR1,13.4590883152544
BCL11B,13.456695163299404
LACTB,13.44510582874508
ZNHIT1,13.427557357769508
KLRB1,13.378884225412412
SELT,13.36712815676602
DENND6B,13.36373495119509
CD44,13.332715064093685
DSTN,13.320019852618794
ARL6IP4,13.283262485707558
SNRPD2,13.255702821753166
GNG2,13.24557385079255
ARHGAP21,13.24554531321239
PRDX6,13.238934260577237
ARHGAP29,13.223641290482313
RP11-428G5.5,13.220961077982608
ATP5B,13.205398604017795
H2AFJ,13.188244705792536
FMNL2,13.187915173611671
NDUFA11,13.147526473433363
CD1C,13.113529561347534
GTF3C1,13.103573571364675
MIDN,13.086068167069968
ORAI2,13.059079491675181
GPR183,13.053896502636984
NIPSNAP3A,13.047808714729936
TPM3,12.990095926790762
NBPF10,12.982958639633958
IL13RA1,12.962812664004758
RCAN3,12.96215827890977
ARL6IP5,12.9209284734366
SLC15A3,12.910074727658852
STOM,12.885944240887243
ASGR2,12.881017841781208
ERBB2,12.87547461471182
COQ2,12.858756373514453
TRAPPC1,12.833454076616047
CD48,12.8019218691498
PPT1,12.800649725285416
CBR1,12.795664278634737
C1QA,12.781404206266421
MTHFD2,12.759759870611532
IER3,12.740104857868406
NPL,12.710545028869547
NLRP3,12.696165812450552
ADRB2,12.66283371661002
HSPA6,12.63699062919014
PPM1N,12.63001170085254
RAB8A,12.618936034777219
TREX1,12.616727818749395
CMPK1,12.616702750205983
MRPL23,12.613598847846472
CD5,12.576268038318902
ARAP1,12.559941924129593
NRROS,12.54761253858266
SRSF5,12.546748266653404
EHBP1L1,12.533719847109984
LFNG,12.52664267603126
F2R,12.519807236091008
PBLD,12.500978513903027
CAP1,12.499496549096133
P2RY13,12.491794872117856
EIF1,12.455638884645655
BTF3,12.429230904101429
WNT11,12.408289606099755
IFI35,12.384478745440703
BTG2,12.379808542721287
GPR114,12.306624803675648
APOBR,12.300157982319954
ENDOD1,12.285550986320422
CMTM6,12.263604412539623
TMEM176A,12.244949064845011
PNISR,12.211965204148655
LBH,12.203118227380235
CAPZB,12.202317447493082
PPA1,12.199325804993784
LAMP5,12.19127735891996
MBOAT7,12.185756774587228
UBE2E2,12.18390801747653
SCGB3A1,12.17637251821247
NT5M,12.1679838700571
HIST2H2BE,12.165029377241613
RAB38,12.142519134681423
TRADD,12.139966368696902
CHCHD2,12.115456861519379
PGK1,12.103851052712681
EPB41L3,12.101443141604245
MYLK,12.096160565652871
WIPI1,12.079114603948703
PPP4C,12.068470628517808
CXCL2,12.067362358114101
LRRFIP1,12.064565058849507
NDUFB2,12.047136345948264
NFAM1,12.043307870689958
AC092580.4,12.017694138964604
IFIT3,12.002698968269549
FHL1,11.995386367246955
EIF3K,11.992590847134446
CD55,11.990532821379437
TMEM179B,11.948624969696548
SENCR,11.94251955966134
TSHZ2,11.937549356001233
CCDC167,11.904999998568197
MYOF,11.90292501108925
ENY2,11.87873385819356
NOTCH2NL,11.877204473126785
ENO1,11.871891295646144
CCL3L3,11.865490789033446
EMILIN2,11.860725198150304
COMMD6,11.83129768656565
S100Z,11.829467186067719
PLXNC1,11.826508681986084
DNAJB6,11.816754818342039
SH3BP1,11.815515212177967
MAP3K8,11.767545877655563
MCL1,11.752761787741541
NEDD8,11.744777599042472
UBE2R2,11.726019541932873
DAB2,11.700256462423107
IMPA2,11.689965796222756
TSPAN4,11.667689172486416
OSBPL10,11.667413047412422
SIRPB1,11.64136114639395
HNRNPA2B1,11.62659666012883
APP,11.62489047214785
BATF,11.553515319277686
ODF2L,11.53602132747728
LINC00937,11.52254425122642
UBL5,11.481347209389495
BSG,11.474653641133619
HES6,11.44946831320674
NDUFB1,11.443130557476303
GUCY1B3,11.442057508615198
CKLF,11.4200071185242
MOB1A,11.409568017007778
COX6C,11.39890690738413
SYPL1,11.397819565995412
RP11-222K16.2,11.387945407699531
ARF5,11.380437057343599
BZW1,11.366176754338284
TBC1D10C,11.337635874364066
CMTM8,11.334363049729783
TMEM154,11.330643119647556
PHF19,11.328091772822908
PCGF5,11.327949409713657
EIF3E,11.322277960539278
SIGLEC9,11.308313243236938
TAX1BP3,11.303115077635841
SDF4,11.260706946814546
CLTB,11.255272065298831
DENND2D,11.238962916541153
HNRNPDL,11.236248286776306
C9orf142,11.232067564304414
TLN1,11.22620279625868
CRIP2,11.20412558295338
RNF7,11.203524274370936
SIGLEC7,11.201708282917792
SYTL1,11.193558044123941
UPP1,11.152396685644625
RTN3,11.1445658567001
SH3BP2,11.140913666870087
GATA3,11.135324661284166
SSX2IP,11.13415632322698
EML6,11.125250160469179
SIGLEC5,11.102249239107353
NDUFS6,11.086619134234281
SEMA4A,11.079731591922176
SH2B3,11.070600792027918
HEXIM2,11.066665035452456
MYADM,11.04252081910476
PI16,11.001747148462165
MZT2A,10.991614316108038
DERL3,10.979463178981659
ADK,10.971370859159837
FYN,10.967694309001063
TXNDC17,10.95463145168211
PSME1,10.954077078503145
CISD3,10.942041126906881
RIN3,10.941225186981677
CAPZA2,10.94027931105174
AKIRIN2,10.936172377781725
NSG1,10.933655715889415
RIC3,10.886028489969474
SIGLEC1,10.877537113182134
ICAM2,10.86955302630246
GRB2,10.864709657301114
LCP1,10.85328498713908
CORO1A,10.850036802279396
C2,10.847761704404139
LTB4R,10.838624519038381
ARHGAP27,10.83319952061143
PLIN3,10.816531306416762
TNFRSF18,10.805109105056358
AMPD2,10.801935915860101
FAM45A,10.785321045180849
BACE2,10.771189209874388
GNS,10.769073910681229
ZNF841,10.76572748880788
GAA,10.75571181933435
ST13,10.741740528294711
HSP90AA1,10.737960259592723
HES1,10.719600630385221
SEC14L1,10.711968241583056
TSTD1,10.710511801098054
CTNNAL1,10.698814413383914
THBS1,10.695879920147506
NADK,10.69480970429855
IL10RA,10.693923060049961
ARF1,10.679487456589412
GMPR,10.675703377904899
RAB34,10.665971730164284
ORMDL3,10.654686063872392
GPR18,10.63275459859778
MSRB2,10.61812059431103
ADTRP,10.577684390034255
PRMT2,10.568707253682508
ENTPD1,10.556409043577121
PTGES3,10.556151318518365
HMGB1,10.542854128624752
PLAGL2,10.535245015442579
SNX18,10.529354531837788
AC013264.2,10.526723357116186
TSPAN3,10.526693227489199
IL1RN,10.5188054253561
RNF181,10.509713253720731
LINC00861,10.506232776626236
E2F5,10.503193563242803
SPCS2,10.497823236746356
MRAS,10.4902163137352
CSK,10.466461164033285
PARVG,10.463136383049378
SOCS2,10.45616371952928
TMEM50A,10.449330983827645
NCAM1,10.430437311439785
LDHA,10.415833679369895
TUBA1A,10.404024125836303
CRTAM,10.39790920215189
AC011899.9,10.388938982879163
ANXA2R,10.37714985306353
RAB7L1,10.372418975008928
APBA2,10.365930667511815
LTA4H,10.33637742167533
SUN2,10.327385654529511
APRT,10.327253051917118
COLGALT2,10.32342520177956
CXCR3,10.298045295445691
ETS1,10.29604420888582
PTPN4,10.287037394450913
SVIP,10.278211463948525
STMN3,10.272044490228904
LTBR,10.2706833833255
NSMF,10.269326674828994
MIR142,10.269256813242281
SCARB2,10.26150940918218
LMNA,10.253086409988713
H1F0,10.245466274360847
DBI,10.241132366637048
RP11-1008C21.1,10.229046821053759
RP11-65J3.1,10.224012279359975
PHPT1,10.206094994647906
AHNAK,10.194337742133573
CASP5,10.19352679725232
RABGAP1L,10.184869126185989
VIT,10.180564210022679
OSBPL5,10.159892739411784
PDXK,10.157357312004075
ZFHX3,10.157225364423645
CD164,10.155856092216034
ARG2,10.132191535398198
GFOD1,10.127696206554287
TIMP2,10.103333296942422
ZNF778,10.098508532966198
MAP3K3,10.08864792923834
FXYD6,10.063362829709
SRP9,10.061281075630985
GSTA4,10.042334099663695
UBL4A,10.027608102402773
CALR,10.001223183277899
RILP,9.999347481342403
MLC1,9.997961127828018
RUNX3,9.98937732868872
PTPRC,9.986789502609044
SELM,9.98614007294957
SIRPG,9.943647221051243
IFIT1,9.936518716388262
SGK1,9.908872595752824
UBE2J1,9.905669671202809
RPL36AL,9.88621516598
ROGDI,9.876695042112342
PLEKHB1,9.873056554708874
UCP2,9.86972564073575
MOB3A,9.85611020153933
SLC25A3,9.846803101662386
PRR13,9.840901264698111
SPG21,9.836667177697496
LILRA6,9.832013615276768
SKAP2,9.822303696681532
IL18,9.816221417237943
VAMP2,9.813380424813937
DCK,9.808892971727428
JAKMIP1,9.808034802107247
GPR171,9.799361237503815
LPCAT1,9.777483889352059
SULF2,9.772518537022362
CDC42EP4,9.758541874145827
C3AR1,9.754098763489049
SRA1,9.749333838200464
MIB2,9.740742447273654
GBP5,9.731638542669424
PTP4A2,9.722200804750438
RPA2,9.715570604084238
ANKRD12,9.710214959635513
MARCKS,9.695872322273093
CYSTM1,9.692926079036464
RP11-142C4.6,9.67575855291479
EVI2B,9.670452798548697
HSH2D,9.664994237542619
C9orf89,9.638821088333023
PAX5,9.638108657658412
TRIB1,9.636082586401283
FEZ1,9.609140015166796
PLA2G7,9.604997330051148
LGALS9B,9.579778488070847
HRH2,9.574367216849721
PRDX1,9.573961594035515
RAB3D,9.571004134687337
MACROD2,9.56562802265863
NDUFB7,9.550955229463165
LINC00152,9.550378757949531
ITK,9.542316180672165
SH3BP5,9.540558641252982
CAMK4,9.522495708452134
METTL7A,9.500055123554962
SMARCB1,9.48498365185589
SBDS,9.483775151817742
MYO9B,9.475440650675688
TNFRSF25,9.45722479512223
C11orf21,9.451056973458268
PTGIR,9.44653325545304
CIRBP,9.444832201410314
TFEB,9.44313522752802
PRKACA,9.437354046622133
TNFAIP3,9.430956438140365
GIMAP6,9.428112458587366
UBXN11,9.427008976228429
MMP24-AS1,9.417686207480852
ATP5D,9.407658375952453
GCHFR,9.402731322913048
GFI1,9.401462779507723
CCT5,9.385113031930565
CD93,9.38051132213175
PDIA6,9.379376920807875
NDUFS5,9.37214677961384
CDC42EP2,9.36465963752582
YPEL1,9.353419749168836
GDI2,9.343449752583206
MCUR1,9.334475281990182
CAT,9.33206817402456
IL12RB1,9.295785277018421
IGF2BP3,9.280729933043094
ETFA,9.265141677668025
CDC25B,9.255415109185947
TC2N,9.25010424892983
MT-ND3,9.245779628791444
MTPN,9.245136000505457
ORAI3,9.244904377266312
FGD2,9.240835679098772
CTBP2,9.22795937259727
APBB3,9.210749361621563
HBQ1,9.202160561576916
FAM13B,9.201764903445786
PSIP1,9.187848026104753
RASGRP4,9.175280570850788
ARID5B,9.173436469583441
TBC1D4,9.170484733429594
LAIR2,9.167232299619014
DPEP2,9.143073984109373
FIBCD1,9.141567354411992
KIFC3,9.141049148394915
UQCR10,9.097669078747998
RHOF,9.092767861134494
SMS,9.09212804248247
SEC62,9.087765105881646
KLF2,9.087703091052898
HAPLN3,9.080627410154964
SEPT9,9.07402540406759
PPP1R26,9.072740703868618
RNF13,9.068121061660543
EIF3G,9.058103692588839
SHKBP1,9.057942834309754
IRF7,9.05639066960033
DUSP5,9.052242880191656
WSB1,9.05069125870693
EIF6,9.044257893401646
DUSP23,9.039768950551007
STX10,9.028441558960704
RP11-221J22.2,9.027570102878336
SSR3,9.021031588839227
STAT4,9.015661561090376
GBP2,9.00781172856275
GNGT2,9.002461952131327
CALHM2,8.966868279722224
DAPP1,8.96337405313964
PRKCB,8.960457027571072
TRIM16L,8.956460649032538
ZBTB16,8.945033170630241
TSEN34,8.942328880720432
PPM1K,8.939352217366329
FAM212A,8.937375717082125
RP11-1399P15.1,8.932444794457128
EREG,8.931248491463192
CD163,8.927014537285569
DHRS4L2,8.923050406500181
VMA21,8.92296618820558
ICOS,8.919860212043492
GUCD1,8.91677473585112
PRR5,8.905797205499788
CISH,8.897227751153522
TMEM243,8.884751497649928
PARP1,8.883709017345266
CTC-523E23.11,8.878110891179084
SRSF7,8.875698906073348
CTA-250D10.23,8.868741231045073
OSTF1,8.856691413719203
FIBP,8.838483525621383
ARPC4,8.818331407005108
L1TD1,8.803098286087106
PPDPF,8.802157407554427
FCGR3B,8.800713676555118
HMOX2,8.799729165778729
ABHD14A,8.79748983809808
TLR2,8.79603858206486
RP11-291B21.2,8.780240429875112
TADA3,8.77991032528678
PILRB,8.763369175911565
CRTAP,8.760500086101104
CYB5B,8.75518082845504
MIR4435-1HG,8.74191496991716
CAMTA1,8.737036228830009
MARCKSL1,8.719968896182712
CTNNA1,8.713139481572323
ATP1A1,8.711494973942619
ATP5G3,8.706629049485608
CD96,8.701676505369383
RTN4,8.699718703655176
CHST15,8.69285447163317
SDHB,8.691079766041174
MYLIP,8.68607681894624
OGFRL1,8.68258997712446
SNAP29,8.658401073671417
LAMTOR5,8.65642933474447
CD81,8.65425453834129
GNAS,8.653697307474223
CSNK2B,8.636582053509583
CCDC107,8.628482852558628
PCSK1N,8.624614952384169
ANAPC16,8.618601361470578
EPN1,8.618597873629755
SRSF9,8.617585960393384
PIM2,8.591329340265398
LSMD1,8.589988459648549
SNORD3B-2,8.587450349075855
HLA-F,8.583285308898095
PSRC1,8.567224028098071
DNAJB11,8.566341339945803
NDUFV3,8.565004989640657
SCP2,8.56240311896153
GHITM,8.553637706895163
ATP2A3,8.54354189014998
BCL11A,8.536957752993935
UBE2D1,8.530359173106685
CNIH4,8.529398224213345
SLC4A10,8.520196240703317
EID1,8.509564875207786
ACAA1,8.497326815304618
PATL2,8.495848292081403
TECR,8.495420550522441
KDM4B,8.494014377378798
CCDC104,8.49232027527539
RAB5C,8.487103752827053
JOSD2,8.486935843608933
BTLA,8.477680259508428
SP110,8.472548099924955
CDC42BPB,8.456111424829311
KCNG1,8.45587476928103
ACTR3,8.440511448600796
RP11-1398P2.1,8.429376928330798
OSM,8.42093889690601
RSU1,8.420844553629529
IDH3G,8.411127997083572
SPTSSA,8.404991658435634
FBLN5,8.402569396396977
FAM49B,8.392119210274014
TESPA1,8.388400868839575
KCNMB1,8.385602611143453
CHCHD5,8.38502632611314
CCDC109B,8.38423592923167
FAM3C,8.380370256827815
ZNF706,8.375017309111206
TUBB2A,8.353559084351938
HENMT1,8.353526949981282
RAB11FIP1,8.340083842010332
SEPW1,8.331608897993103
TLR8,8.316658279617203
RCN2,8.308788270193794
ATF5,8.3045826208146
ATP6V0E2,8.298235704891153
SELPLG,8.29707981075029
KCTD12,8.294156626477518
CD82,8.28221949844559
ZDHHC21,8.276494325419833
HIST1H1C,8.267814361258033
NOTCH2,8.265248926004555
TLE1,8.254448482662738
HCAR2,8.25417214109028
AKR1A1,8.246664973627908
TBCC,8.246159595661013
RRAS2,8.219641096800633
RP11-16E12.2,8.195902472376508
KIAA0040,8.194729194558931
BCL2A1,8.18998425937711
IRS1,8.15581087479959
METRNL,8.14712849578542
KCNK6,8.136145803099314
IRAK2,8.1313313370428
TOLLIP,8.126723491393275
RP11-485G4.2,8.120998045578492
TXN,8.114930252809666
TNRC6C,8.105763271143552
P4HB,8.102421975703905
ZNF524,8.087318325463032
C1QB,8.084618347505517
ASAP2,8.080447774504389
RAB13,8.078898942974687
RPS6KA4,8.07471029971485
SNX22,8.069375773448536
GNPTAB,8.053774355048413
PGAM1,8.048808400659558
TBCB,8.047060450359405
CXCR6,8.040369035758365
CYC1,8.038393931843498
DOK3,8.03824405302487
MAP2K3,8.026926630540482
ARL6IP1,8.025733054075761
ATG16L2,8.024424045134396
TBC1D8,8.01636990598998
FAM102A,8.010286899533433
SPTSSB,8.008645686444584
MIAT,8.001699274083029
SRGAP2,7.984797221081972
DMXL2,7.978726728390849
ETV6,7.97844073946745
CD28,7.97609403646448
ATP6AP2,7.967786643297608
NDUFS8,7.967526154210177
LPAR6,7.961300190475349
GNA15,7.958299564287441
NQO2,7.955225758931178
CYP27A1,7.939117639447544
ADD3,7.927927366640477
WDR34,7.92553294456157
RP11-164H13.1,7.919107672547152
GCLM,7.916535345568649
IFT57,7.915181451577091
NDUFA4,7.914645145878303
ARHGEF3,7.913517701129142
MT-ND4,7.909266137149421
ATP5H,7.896896653337069
SF3B5,7.875698262671383
CD320,7.870456517885143
HSP90B1,7.869577344088292
ATP5C1,7.86695732125223
OPN3,7.854623905011265
DCTN3,7.846142553252377
MT-ND2,7.836138492550971
PDE6G,7.824254262106168
FAM214B,7.824009662358347
TNNT1,7.818153674616832
SLC27A3,7.816631847062226
RER1,7.808825152803344
LAPTM4A,7.808061615980766
TMEM173,7.804843380207307
SNF8,7.792247708193532
CHMP1B,7.788194457120638
COBLL1,7.784491965943483
TUBB6,7.781955904387984
TCN2,7.781440564981759
AK1,7.780087933064022
RNF144B,7.778437693986552
HMGB2,7.775761268031567
GUK1,7.775592869281941
RAB11A,7.774874732788245
SH2B2,7.763776690375505
GNB1,7.763229898510498
SEC61B,7.754573637962355
KDM1B,7.7534547200439325
FCER1A,7.749319641216769
CHN2,7.738492128492117
CPAMD8,7.738280166567031
CCNG2,7.723643664308563
PSMC4,7.717245367445555
RRAS,7.689300347411667
CCNY,7.687959682776104
RASSF5,7.680332836591768
CFLAR,7.676251460823922
SH3GLB1,7.6729450722115695
ADRBK2,7.667044720892627
HERPUD1,7.654869685169939
IFI44L,7.654570312006056
G6PD,7.6417306977473505
IL4R,7.641663617216752
IFIT2,7.640159279851047
RENBP,7.637034452277656
CYB5R1,7.636583944382287
PSMA4,7.6184383203780035
HM13,7.612915609603969
C15orf57,7.607105985904339
ITPK1,7.601441933251901
UBAC2,7.600262988116209
SLC44A2,7.571816649877034
HNRNPK,7.560314117576173
AP5B1,7.552129822756426
SNORD3D,7.550976618668613
KRT1,7.5484670217388
MAGED2,7.54515208151194
NDUFA2,7.5428629016492
HIST1H2AE,7.539509433566278
ZNF615,7.539437084811473
BEND2,7.5324175816729735
NOG,7.52395509975013
BASP1,7.515530494687487
PTPN7,7.514093486307137
IL10RB-AS1,7.513309636336412
LGALS9C,7.512994044221187
CCDC28B,7.494471698110154
MILR1,7.491906620110343
CLIC4,7.4888009334803565
CAST,7.484419438298683
LAIR1,7.480157224337097
BCAS4,7.478161417251114
OAS3,7.4776453705705945
DNAJC1,7.472356433111299
PRKCDBP,7.46915817322114
ABRACL,7.4601612657735945
BPGM,7.454261608342233
PPP1R17,7.454204869941544
SEPT6,7.453715530304588
AP003774.6,7.450010420868845
KDELR2,7.44865006522149
DDX18,7.441493385984588
CDC42SE2,7.4385984442652
VPS29,7.426156238950379
SQSTM1,7.425085196931392
CAPN12,7.42236353863186
DAAM1,7.4210623743172235
SLC43A3,7.402171613491767
LY9,7.395944878551985
PTMA,7.39572105139271
CTDSPL,7.394645160897387
DDAH2,7.391779812358693
C9orf16,7.383527798470263
LAMP1,7.369168167027969
FAM177B,7.367103141292385
MARCH3,7.36341343905896
SRI,7.363046251885902
RASAL3,7.3587292040912775
ABHD16A,7.347098537421414
UPK3A,7.345941052161277
SFTPD,7.340929984975582
CORO1C,7.3368150346897
CCR6,7.3339100658042815
HEG1,7.3336400151086805
M6PR,7.326132396831476
HOXB4,7.316410613611531
PPP1R2,7.303998577994161
ZGLP1,7.302906651788154
LEPR,7.299118157259768
IRAK3,7.298344094687144
PTMS,7.292964106286716
GPR20,7.256624735874048
PAWR,7.255573849666099
CYTL1,7.252002607374973
AC006369.2,7.248931921177047
SQRDL,7.24834228354689
SLC9A1,7.244682830364264
OXA1L,7.242362141099334
ZG16B,7.23878790378886
FUT7,7.231473409696476
ERP44,7.2169253604553045
NUDT3,7.215441920523027
EFNB1,7.210407458318382
CCDC88A,7.208043338078635
CCDC88C,7.205751040854166
VAMP3,7.201497701620754
ATP6V0E1,7.194888833344165
BUD31,7.193603000079234
RASSF1,7.192995975095757
UBE2L3,7.180464414181508
CYLD,7.178103157368239
FKBP15,7.173320162982768
MAFG,7.171375829481961
DKFZP761J1410,7.165136373152646
LYSMD2,7.1640266069032394
FFAR2,7.161520839552016
TMBIM4-1,7.1597326300906055
RNF125,7.156859846681182
FAM107B,7.144295656039505
OAF,7.142839154130344
PLIN2,7.1400241831165285
CRAT,7.136588505621994
SETD3,7.132627316894218
NENF,7.132484259527591
TM6SF1,7.126063222799687
DBNL,7.120978793445075
RALB,7.12050126022545
CNFN,7.106583392829958
MANF,7.104606386904754
PPIA,7.092763706163189
PPP3CC,7.090832685049181
SYT17,7.087586362433586
HNRNPA3,7.0871200882312655
TRAF5,7.080251266844233
LMO4,7.075562895581638
TMED9,7.066153034592759
GYG1,7.06575782281369
CLEC11A,7.064883042001872
TOX,7.047572613119297
GIMAP2,7.042547576525871
OST4,7.0394225199936855
PARK7,7.03712687674364
FCRL5,7.0328007033603255
MBP,7.010556716478968
C19orf53,7.005978054598893
PARP14,7.002761319686729
GNAL,7.00034638063433
FKBP8,6.997380319131935
PDGFD,6.97928270597743
PSENEN,6.978531401595506
DOCK5,6.97691560216787
SP100,6.974226336763928
SNORD3B-1,6.970759420453203
WIPF1,6.963808472488669
CMKLR1,6.962899758686559
CAMKK2,6.945844784624176
RAB7A,6.943770490531782
ASRGL1,6.94024497867542
CTNNBIP1,6.93934690802926
NDNL2,6.9374871568843774
ITGB1,6.930486082272722
TNFAIP8L2,6.926236867705664
IL23A,6.925866854279008
CD300LB,6.906102236925593
CXCR5,6.900060458191114
SNHG8,6.8980693132147275
SLC46A2,6.8964967866162175
ADRM1,6.894212021211329
COX11,6.892843534367044
TNFRSF17,6.8860109288364
LINC00649,6.881276777055236
TSPAN2,6.871876690603661
FUCA2,6.870703187194493
SON,6.867696899119391
CHMP2A,6.865893154552921
SIGIRR,6.854010278096206
CHPT1,6.850620709253805
MEA1,6.831641301089193
EPS8,6.829278811547276
HOMER3,6.8274262734382445
RASGRP2,6.8214279946154575
ARHGDIA,6.820704757536867
SYTL3,6.819172009190866
ZBTB32,6.8179067524491686
HNRNPF,6.815777696007025
RNASE4,6.8154424001852725
GOLGA7,6.814410762727712
MZT2B,6.811890883982714
PACSIN2,6.810781640594284
GPSM3,6.809409112093189
FPR2,6.803193661967581
UQCRQ,6.797928784084978
SF3B4,6.792891194104604
POLR1D,6.784613959609201
BNIP3,6.775758272568488
HCLS1,6.769457144423459
DEF6,6.761611377813527
ARPC1A,6.756022842043505
XRCC6,6.7441070418528595
TPRG1,6.730718176203063
WAS,6.729067032727577
FOSL2,6.723331161256929
MS4A14,6.720001137672902
ANAPC11,6.713942396916998
RP3-525N10.2,6.711314027284134
SMC6,6.710920074533621
IRF5,6.704734070774628
TOB1,6.697078242524017
PYCR2,6.695636341634587
GUSB,6.688998881137822
VKORC1,6.68650405491838
STAP1,6.683722236613447
CBFA2T3,6.683440061946368
PITPNC1,6.681652876102847
CDK2AP2,6.679541883367634
MFNG,6.658549746108648
TIMM8B,6.656373551309401
RP11-378A13.2,6.644600263921935
PHC2,6.64239077248978
RSAD2,6.640750261754925
CHST7,6.6389144256252495
SIAE,6.631562197820966
FMNL1,6.629237168880748
ZBTB7A,6.628693666639648
FAM127A,6.626365696220331
TAP1,6.620167728290614
IDH2,6.615576016704195
NMI,6.61273027861788
POMP,6.603653398340366
PPIF,6.6036442657429815
BTN3A2,6.599878456357992
RP11-514O12.4,6.596756707658502
GLA,6.594725629692367
PLCXD1,6.59451815157803
RAB4A,6.586986179610956
ARHGEF10L,6.577956266678558
MT-CO3,6.566484665305189
RBBP6,6.564507963298194
IFI27L2,6.5640908741800565
C19orf43,6.561622431166866
MPC1,6.554879761334789
RAP1A,6.540488359198715
TERF2IP,6.5331507806921865
MAX,6.527309688879211
RNF167,6.523482215372647
COX6A1,6.522342396322634
RASGRP3,6.519613748236578
RALGDS,6.516254810193575
SMAP2,6.515034488414587
MAN1A1,6.513425480542446
ZCCHC7,6.508563045304827
PRDX3,6.50569858719463
RP11-295G20.2,6.505384824964116
PSMA5,6.491549477044719
TES,6.49054526037457
LRRN3,6.487001816273371
PPIB,6.481447500760518
SNAP23,6.480940777766325
PRKAR1A,6.4717753309692085
AP003733.1,6.464532162636258
STRN4,6.455732249249383
ZNF581,6.45485398993029
CMTM3,6.435545691188695
TRAF4,6.427799307174705
STAB1,6.4238734272107605
RP11-104L21.3,6.422682912837788
WASF2,6.414939045367179
NDUFB11,6.407532653861115
ACTR2,6.407499222443889
PPP1R9B,6.403071234935002
JAK1,6.396127872713926
PPM1F,6.3917342508793356
JTB,6.388157236457933
GCH1,6.37908638436309
CLEC4G,6.369338245119611
PTCH1,6.368939482523411
SLAMF6,6.36700132741856
MAPRE2,6.364728842526552
EHD3,6.364521353809254
PTPLAD2,6.361877487100384
SCNM1,6.3615541653875285
AL928768.3,6.358918055875808
SDF2L1,6.356479824014096
NMRK1,6.356295411927258
SNX27,6.344016490444028
CYSLTR1,6.342370754867069
MYH9,6.337294538823628
NDUFB10,6.335446027808693
TPMT,6.325252615432383
ASF1A,6.322475543902352
LGR6,6.3208686807075205
RP11-18H21.1,6.319834851361537
C11orf58,6.3184200715294745
UXS1,6.312734948890667
XXbac-B135H6.15,6.3123493541801565
PEPD,6.311901108048668
CHI3L2,6.305263719753451
PSMB2,6.304304273218717
EIF4B,6.301398350379925
NAP1L4,6.297631677938112
MAP3K11,6.282829399190342
CITED2,6.281960833622278
SH3TC1,6.279072141862898
PAIP2,6.276393604950091
LSM10,6.274569132128819
TNFSF4,6.271940569041534
TMEM59,6.271755792074862
RMDN3,6.264919948539184
